customer_id,customer_name,city,segment,signup_date
1,Customer_1,Kolkata,Home Office,2022-10-09
2,Customer_2,Pune,Home Office,2024-07-26
3,Customer_3,Hyderabad,Corporate,2023-05-01
4,Customer_4,Kolkata,Corporate,2023-07-19
5,Customer_5,Bangalore,Consumer,2023-12-14
6,Customer_6,Hyderabad,Corporate,2024-03-22
7,Customer_7,Hyderabad,Consumer,2023-06-17
8,Customer_8,Kolkata,Consumer,2022-03-01
9,Customer_9,Delhi,Consumer,2024-07-21
10,Customer_10,Bangalore,Home Office,2024-01-05
11,Customer_11,Kolkata,Corporate,2024-06-15
12,Customer_12,Bangalore,Consumer,2022-05-09
13,Customer_13,Bangalore,Corporate,2022-03-14
14,Customer_14,Hyderabad,Consumer,2022-07-04
15,Customer_15,Pune,Corporate,2024-08-14
16,Customer_16,Bangalore,Corporate,2024-03-14
17,Customer_17,Chennai,Consumer,2023-10-24
18,Customer_18,Hyderabad,Home Office,2024-06-06
19,Customer_19,Delhi,Corporate,2023-02-25
20,Customer_20,Pune,Home Office,2023-06-30
21,Customer_21,Chennai,Home Office,2023-10-26
22,Customer_22,Chennai,Consumer,2023-02-07
23,Customer_23,Delhi,Consumer,2023-08-11
24,Customer_24,Pune,Consumer,2022-09-25
25,Customer_25,Hyderabad,Corporate,2024-01-09
26,Customer_26,Mumbai,Consumer,2022-03-14
27,Customer_27,Pune,Consumer,2023-01-17
28,Customer_28,Delhi,Corporate,2022-05-25
29,Customer_29,Chennai,Corporate,2022-06-03
30,Customer_30,Hyderabad,Consumer,2022-11-15
31,Customer_31,Pune,Consumer,2024-04-12
32,Customer_32,Mumbai,Consumer,2022-07-24
33,Customer_33,Mumbai,Consumer,2022-10-26
34,Customer_34,Bangalore,Home Office,2023-10-02
35,Customer_35,Bangalore,Home Office,2024-06-17
36,Customer_36,Kolkata,Consumer,2023-07-15
37,Customer_37,Delhi,Home Office,2023-01-24
38,Customer_38,Pune,Corporate,2023-10-11
39,Customer_39,Pune,Home Office,2023-10-04
40,Customer_40,Kolkata,Home Office,2022-03-07
41,Customer_41,Chennai,Consumer,2023-03-30
42,Customer_42,Chennai,Home Office,2022-10-02
43,Customer_43,Kolkata,Home Office,2022-09-02
44,Customer_44,Chennai,Home Office,2024-02-02
45,Customer_45,Bangalore,Home Office,2022-04-14
46,Customer_46,Pune,Corporate,2023-02-09
47,Customer_47,Kolkata,Consumer,2023-08-24
48,Customer_48,Pune,Consumer,2022-06-06
49,Customer_49,Mumbai,Corporate,2024-07-05
50,Customer_50,Bangalore,Home Office,2023-10-25
51,Customer_51,Hyderabad,Corporate,2024-01-03
52,Customer_52,Bangalore,Home Office,2024-06-27
53,Customer_53,Kolkata,Corporate,2023-11-28
54,Customer_54,Hyderabad,Consumer,2022-10-08
55,Customer_55,Mumbai,Consumer,2023-05-08
56,Customer_56,Kolkata,Consumer,2023-05-22
57,Customer_57,Delhi,Home Office,2023-10-19
58,Customer_58,Pune,Home Office,2022-11-27
59,Customer_59,Mumbai,Corporate,2024-07-12
60,Customer_60,Pune,Corporate,2023-10-21
61,Customer_61,Chennai,Consumer,2022-04-06
62,Customer_62,Delhi,Home Office,2024-08-10
63,Customer_63,Delhi,Corporate,2024-08-15
64,Customer_64,Mumbai,Home Office,2022-02-11
65,Customer_65,Delhi,Home Office,2022-05-11
66,Customer_66,Hyderabad,Consumer,2022-04-10
67,Customer_67,Delhi,Consumer,2023-03-05
68,Customer_68,Pune,Home Office,2022-12-24
69,Customer_69,Pune,Home Office,2022-07-23
70,Customer_70,Kolkata,Home Office,2024-02-21
71,Customer_71,Pune,Home Office,2024-09-25
72,Customer_72,Kolkata,Consumer,2023-07-09
73,Customer_73,Pune,Corporate,2024-03-14
74,Customer_74,Hyderabad,Consumer,2023-04-12
75,Customer_75,Kolkata,Corporate,2022-03-04
76,Customer_76,Bangalore,Home Office,2023-01-03
77,Customer_77,Chennai,Corporate,2022-10-05
78,Customer_78,Mumbai,Consumer,2022-09-13
79,Customer_79,Pune,Consumer,2023-04-15
80,Customer_80,Delhi,Home Office,2022-09-20
81,Customer_81,Pune,Consumer,2022-11-30
82,Customer_82,Delhi,Home Office,2024-04-30
83,Customer_83,Chennai,Consumer,2024-09-18
84,Customer_84,Chennai,Consumer,2022-04-19
85,Customer_85,Chennai,Home Office,2023-01-12
86,Customer_86,Delhi,Corporate,2023-08-11
87,Customer_87,Pune,Consumer,2022-10-04
88,Customer_88,Chennai,Corporate,2023-01-30
89,Customer_89,Hyderabad,Consumer,2023-03-23
90,Customer_90,Kolkata,Consumer,2023-02-15
91,Customer_91,Delhi,Consumer,2022-02-27
92,Customer_92,Delhi,Consumer,2023-10-12
93,Customer_93,Pune,Corporate,2023-03-22
94,Customer_94,Delhi,Corporate,2023-11-26
95,Customer_95,Delhi,Consumer,2022-02-22
96,Customer_96,Chennai,Consumer,2023-11-06
97,Customer_97,Pune,Corporate,2022-09-30
98,Customer_98,Chennai,Home Office,2023-07-13
99,Customer_99,Kolkata,Home Office,2023-06-04
100,Customer_100,Kolkata,Corporate,2022-11-08
101,Customer_101,Chennai,Consumer,2023-03-13
102,Customer_102,Kolkata,Consumer,2022-07-10
103,Customer_103,Pune,Home Office,2022-04-29
104,Customer_104,Mumbai,Home Office,2022-12-26
105,Customer_105,Chennai,Corporate,2023-12-27
106,Customer_106,Hyderabad,Home Office,2023-11-24
107,Customer_107,Hyderabad,Corporate,2023-06-09
108,Customer_108,Delhi,Home Office,2023-09-04
109,Customer_109,Kolkata,Home Office,2024-02-03
110,Customer_110,Hyderabad,Home Office,2023-01-30
111,Customer_111,Delhi,Consumer,2022-01-16
112,Customer_112,Mumbai,Consumer,2023-08-23
113,Customer_113,Pune,Consumer,2023-03-11
114,Customer_114,Pune,Home Office,2022-04-02
115,Customer_115,Pune,Corporate,2022-02-26
116,Customer_116,Hyderabad,Corporate,2022-09-18
117,Customer_117,Mumbai,Corporate,2023-09-18
118,Customer_118,Hyderabad,Corporate,2024-07-31
119,Customer_119,Kolkata,Consumer,2022-10-12
120,Customer_120,Hyderabad,Consumer,2022-11-07
121,Customer_121,Mumbai,Home Office,2024-03-08
122,Customer_122,Mumbai,Home Office,2024-03-16
123,Customer_123,Kolkata,Corporate,2022-01-28
124,Customer_124,Mumbai,Consumer,2024-05-02
125,Customer_125,Mumbai,Corporate,2023-12-19
126,Customer_126,Pune,Home Office,2024-02-07
127,Customer_127,Kolkata,Home Office,2024-02-19
128,Customer_128,Bangalore,Corporate,2024-02-08
129,Customer_129,Bangalore,Home Office,2023-05-24
130,Customer_130,Mumbai,Corporate,2024-07-12
131,Customer_131,Bangalore,Consumer,2022-04-24
132,Customer_132,Bangalore,Corporate,2022-08-25
133,Customer_133,Mumbai,Consumer,2023-06-29
134,Customer_134,Bangalore,Consumer,2024-09-09
135,Customer_135,Hyderabad,Home Office,2022-11-25
136,Customer_136,Delhi,Home Office,2022-08-17
137,Customer_137,Kolkata,Home Office,2023-09-26
138,Customer_138,Delhi,Corporate,2024-06-07
139,Customer_139,Mumbai,Corporate,2022-01-21
140,Customer_140,Pune,Home Office,2024-05-17
141,Customer_141,Kolkata,Corporate,2023-12-05
142,Customer_142,Mumbai,Home Office,2024-05-01
143,Customer_143,Pune,Corporate,2024-04-21
144,Customer_144,Delhi,Consumer,2023-03-29
145,Customer_145,Mumbai,Consumer,2023-12-04
146,Customer_146,Kolkata,Home Office,2024-08-29
147,Customer_147,Kolkata,Corporate,2024-07-24
148,Customer_148,Chennai,Corporate,2022-01-20
149,Customer_149,Hyderabad,Consumer,2022-12-05
150,Customer_150,Bangalore,Consumer,2023-04-15
151,Customer_151,Pune,Home Office,2023-12-09
152,Customer_152,Chennai,Consumer,2024-07-16
153,Customer_153,Bangalore,Home Office,2023-10-26
154,Customer_154,Bangalore,Consumer,2023-02-28
155,Customer_155,Mumbai,Consumer,2023-03-30
156,Customer_156,Bangalore,Corporate,2022-09-25
157,Customer_157,Hyderabad,Consumer,2023-05-27
158,Customer_158,Kolkata,Consumer,2022-01-20
159,Customer_159,Chennai,Home Office,2023-02-18
160,Customer_160,Bangalore,Consumer,2024-07-10
161,Customer_161,Mumbai,Home Office,2023-09-01
162,Customer_162,Hyderabad,Consumer,2022-03-12
163,Customer_163,Delhi,Consumer,2022-09-06
164,Customer_164,Kolkata,Home Office,2023-10-18
165,Customer_165,Kolkata,Corporate,2024-07-29
166,Customer_166,Chennai,Home Office,2023-08-14
167,Customer_167,Kolkata,Home Office,2022-07-06
168,Customer_168,Bangalore,Home Office,2024-08-02
169,Customer_169,Mumbai,Corporate,2024-04-02
170,Customer_170,Kolkata,Consumer,2024-05-12
171,Customer_171,Kolkata,Home Office,2023-05-14
172,Customer_172,Delhi,Home Office,2023-07-04
173,Customer_173,Delhi,Corporate,2023-10-10
174,Customer_174,Pune,Home Office,2022-08-04
175,Customer_175,Hyderabad,Consumer,2022-02-02
176,Customer_176,Bangalore,Corporate,2024-09-21
177,Customer_177,Kolkata,Consumer,2023-06-27
178,Customer_178,Kolkata,Consumer,2023-08-26
179,Customer_179,Mumbai,Corporate,2024-07-09
180,Customer_180,Pune,Home Office,2022-02-19
181,Customer_181,Hyderabad,Consumer,2024-05-29
182,Customer_182,Pune,Consumer,2022-10-06
183,Customer_183,Chennai,Consumer,2024-03-07
184,Customer_184,Hyderabad,Consumer,2023-05-19
185,Customer_185,Kolkata,Corporate,2023-10-01
186,Customer_186,Kolkata,Corporate,2023-04-21
187,Customer_187,Hyderabad,Consumer,2023-01-17
188,Customer_188,Kolkata,Home Office,2024-01-17
189,Customer_189,Bangalore,Consumer,2022-10-31
190,Customer_190,Hyderabad,Home Office,2024-01-12
191,Customer_191,Pune,Consumer,2024-07-01
192,Customer_192,Hyderabad,Home Office,2024-01-21
193,Customer_193,Kolkata,Consumer,2022-06-25
194,Customer_194,Bangalore,Home Office,2023-07-17
195,Customer_195,Bangalore,Consumer,2023-12-26
196,Customer_196,Chennai,Consumer,2022-01-08
197,Customer_197,Pune,Home Office,2024-07-29
198,Customer_198,Delhi,Corporate,2022-04-30
199,Customer_199,Delhi,Home Office,2022-01-12
200,Customer_200,Hyderabad,Corporate,2023-05-24
201,Customer_201,Chennai,Consumer,2023-04-25
202,Customer_202,Mumbai,Home Office,2024-09-25
203,Customer_203,Hyderabad,Home Office,2024-04-04
204,Customer_204,Chennai,Home Office,2023-09-05
205,Customer_205,Pune,Corporate,2024-09-18
206,Customer_206,Pune,Corporate,2022-03-31
207,Customer_207,Pune,Consumer,2023-01-13
208,Customer_208,Pune,Corporate,2022-03-10
209,Customer_209,Pune,Corporate,2022-09-06
210,Customer_210,Chennai,Consumer,2022-12-20
211,Customer_211,Chennai,Home Office,2023-08-21
212,Customer_212,Bangalore,Home Office,2024-03-13
213,Customer_213,Delhi,Consumer,2024-04-08
214,Customer_214,Kolkata,Home Office,2024-03-04
215,Customer_215,Pune,Corporate,2023-09-27
216,Customer_216,Mumbai,Consumer,2023-07-05
217,Customer_217,Kolkata,Consumer,2022-04-21
218,Customer_218,Chennai,Consumer,2024-01-16
219,Customer_219,Mumbai,Home Office,2022-12-28
220,Customer_220,Mumbai,Consumer,2023-10-31
221,Customer_221,Mumbai,Consumer,2022-12-14
222,Customer_222,Bangalore,Consumer,2023-04-19
223,Customer_223,Chennai,Home Office,2022-07-29
224,Customer_224,Mumbai,Corporate,2022-07-19
225,Customer_225,Pune,Consumer,2024-05-13
226,Customer_226,Hyderabad,Corporate,2024-09-04
227,Customer_227,Mumbai,Home Office,2023-10-14
228,Customer_228,Bangalore,Home Office,2024-03-21
229,Customer_229,Kolkata,Home Office,2023-12-14
230,Customer_230,Chennai,Home Office,2022-04-26
231,Customer_231,Bangalore,Corporate,2024-09-07
232,Customer_232,Mumbai,Consumer,2023-07-23
233,Customer_233,Chennai,Home Office,2024-09-21
234,Customer_234,Hyderabad,Home Office,2022-09-02
235,Customer_235,Mumbai,Corporate,2022-03-20
236,Customer_236,Bangalore,Corporate,2022-06-29
237,Customer_237,Delhi,Home Office,2024-08-24
238,Customer_238,Pune,Consumer,2024-01-17
239,Customer_239,Kolkata,Consumer,2024-07-08
240,Customer_240,Bangalore,Home Office,2022-02-12
241,Customer_241,Chennai,Corporate,2022-10-14
242,Customer_242,Mumbai,Home Office,2022-12-03
243,Customer_243,Pune,Home Office,2024-07-30
244,Customer_244,Mumbai,Corporate,2022-05-28
245,Customer_245,Chennai,Home Office,2023-03-03
246,Customer_246,Mumbai,Home Office,2022-07-09
247,Customer_247,Delhi,Home Office,2022-02-27
248,Customer_248,Pune,Corporate,2022-03-15
249,Customer_249,Pune,Consumer,2022-11-03
250,Customer_250,Chennai,Consumer,2022-07-18
251,Customer_251,Kolkata,Corporate,2024-03-25
252,Customer_252,Delhi,Consumer,2023-04-03
253,Customer_253,Bangalore,Home Office,2023-07-28
254,Customer_254,Mumbai,Consumer,2023-08-15
255,Customer_255,Hyderabad,Home Office,2022-01-20
256,Customer_256,Mumbai,Consumer,2023-09-10
257,Customer_257,Mumbai,Corporate,2024-08-28
258,Customer_258,Bangalore,Consumer,2023-09-16
259,Customer_259,Mumbai,Consumer,2022-09-03
260,Customer_260,Delhi,Consumer,2023-04-04
261,Customer_261,Delhi,Corporate,2023-06-13
262,Customer_262,Pune,Consumer,2024-01-25
263,Customer_263,Chennai,Corporate,2022-02-09
264,Customer_264,Kolkata,Home Office,2022-04-28
265,Customer_265,Hyderabad,Consumer,2024-01-25
266,Customer_266,Mumbai,Corporate,2024-02-25
267,Customer_267,Mumbai,Corporate,2024-05-01
268,Customer_268,Bangalore,Consumer,2022-09-18
269,Customer_269,Chennai,Home Office,2023-05-07
270,Customer_270,Delhi,Corporate,2024-08-03
271,Customer_271,Hyderabad,Consumer,2023-09-29
272,Customer_272,Pune,Home Office,2022-06-06
273,Customer_273,Delhi,Corporate,2023-10-02
274,Customer_274,Chennai,Corporate,2023-10-30
275,Customer_275,Kolkata,Home Office,2023-03-19
276,Customer_276,Pune,Home Office,2023-09-13
277,Customer_277,Kolkata,Consumer,2023-04-24
278,Customer_278,Bangalore,Consumer,2022-03-23
279,Customer_279,Bangalore,Corporate,2023-12-12
280,Customer_280,Mumbai,Home Office,2023-01-12
281,Customer_281,Kolkata,Home Office,2023-09-24
282,Customer_282,Chennai,Home Office,2023-06-12
283,Customer_283,Hyderabad,Corporate,2024-07-28
284,Customer_284,Pune,Home Office,2022-11-03
285,Customer_285,Delhi,Home Office,2022-09-26
286,Customer_286,Chennai,Corporate,2023-11-08
287,Customer_287,Chennai,Consumer,2024-01-19
288,Customer_288,Bangalore,Consumer,2023-03-18
289,Customer_289,Kolkata,Corporate,2023-07-29
290,Customer_290,Mumbai,Home Office,2023-01-04
291,Customer_291,Mumbai,Corporate,2022-11-13
292,Customer_292,Pune,Consumer,2024-02-19
293,Customer_293,Bangalore,Consumer,2022-01-01
294,Customer_294,Chennai,Corporate,2022-06-04
295,Customer_295,Hyderabad,Corporate,2023-07-20
296,Customer_296,Bangalore,Consumer,2023-08-30
297,Customer_297,Pune,Corporate,2022-04-02
298,Customer_298,Pune,Consumer,2024-07-20
299,Customer_299,Bangalore,Corporate,2022-08-24
300,Customer_300,Pune,Corporate,2023-11-29
301,Customer_301,Bangalore,Corporate,2023-09-18
302,Customer_302,Delhi,Consumer,2023-08-31
303,Customer_303,Bangalore,Corporate,2023-05-20
304,Customer_304,Kolkata,Consumer,2022-12-31
305,Customer_305,Bangalore,Consumer,2024-09-13
306,Customer_306,Pune,Corporate,2023-09-29
307,Customer_307,Kolkata,Corporate,2022-11-13
308,Customer_308,Pune,Consumer,2022-11-16
309,Customer_309,Mumbai,Consumer,2022-11-09
310,Customer_310,Mumbai,Home Office,2023-11-02
311,Customer_311,Kolkata,Consumer,2022-11-27
312,Customer_312,Delhi,Home Office,2022-11-14
313,Customer_313,Mumbai,Home Office,2024-07-06
314,Customer_314,Bangalore,Home Office,2022-07-05
315,Customer_315,Pune,Corporate,2024-09-02
316,Customer_316,Mumbai,Corporate,2022-09-10
317,Customer_317,Mumbai,Consumer,2023-04-13
318,Customer_318,Delhi,Home Office,2024-06-23
319,Customer_319,Kolkata,Corporate,2024-08-26
320,Customer_320,Kolkata,Corporate,2023-08-03
321,Customer_321,Chennai,Corporate,2023-01-05
322,Customer_322,Delhi,Corporate,2023-03-08
323,Customer_323,Bangalore,Corporate,2023-07-25
324,Customer_324,Kolkata,Home Office,2022-02-01
325,Customer_325,Pune,Home Office,2022-04-11
326,Customer_326,Delhi,Home Office,2024-01-29
327,Customer_327,Mumbai,Home Office,2024-08-26
328,Customer_328,Pune,Consumer,2022-10-03
329,Customer_329,Pune,Home Office,2022-06-24
330,Customer_330,Mumbai,Corporate,2024-09-24
331,Customer_331,Delhi,Home Office,2024-09-20
332,Customer_332,Mumbai,Consumer,2022-03-29
333,Customer_333,Chennai,Corporate,2022-02-08
334,Customer_334,Pune,Home Office,2023-06-11
335,Customer_335,Hyderabad,Home Office,2023-10-08
336,Customer_336,Hyderabad,Home Office,2023-08-16
337,Customer_337,Bangalore,Corporate,2023-04-20
338,Customer_338,Kolkata,Corporate,2024-08-06
339,Customer_339,Mumbai,Consumer,2023-05-21
340,Customer_340,Mumbai,Corporate,2023-11-17
341,Customer_341,Bangalore,Corporate,2022-11-04
342,Customer_342,Bangalore,Home Office,2024-06-28
343,Customer_343,Bangalore,Corporate,2023-05-12
344,Customer_344,Pune,Home Office,2023-09-12
345,Customer_345,Chennai,Home Office,2024-03-09
346,Customer_346,Mumbai,Corporate,2023-07-05
347,Customer_347,Pune,Consumer,2023-01-12
348,Customer_348,Bangalore,Consumer,2022-09-23
349,Customer_349,Mumbai,Corporate,2022-02-20
350,Customer_350,Pune,Consumer,2023-03-20
351,Customer_351,Chennai,Home Office,2023-02-12
352,Customer_352,Pune,Home Office,2022-07-28
353,Customer_353,Chennai,Corporate,2022-11-02
354,Customer_354,Bangalore,Consumer,2024-04-24
355,Customer_355,Chennai,Consumer,2024-05-10
356,Customer_356,Mumbai,Home Office,2024-08-05
357,Customer_357,Bangalore,Corporate,2022-12-25
358,Customer_358,Mumbai,Consumer,2024-02-19
359,Customer_359,Hyderabad,Corporate,2023-12-02
360,Customer_360,Delhi,Consumer,2023-04-25
361,Customer_361,Chennai,Home Office,2024-04-23
362,Customer_362,Delhi,Home Office,2022-03-01
363,Customer_363,Delhi,Corporate,2023-08-12
364,Customer_364,Chennai,Home Office,2022-03-27
365,Customer_365,Bangalore,Consumer,2024-08-10
366,Customer_366,Hyderabad,Home Office,2022-08-02
367,Customer_367,Mumbai,Corporate,2022-04-10
368,Customer_368,Pune,Corporate,2024-03-31
369,Customer_369,Mumbai,Corporate,2022-05-14
370,Customer_370,Pune,Consumer,2022-05-07
371,Customer_371,Mumbai,Consumer,2022-01-01
372,Customer_372,Chennai,Consumer,2022-08-11
373,Customer_373,Hyderabad,Consumer,2023-04-18
374,Customer_374,Pune,Consumer,2023-11-27
375,Customer_375,Kolkata,Home Office,2024-05-30
376,Customer_376,Bangalore,Consumer,2022-07-27
377,Customer_377,Mumbai,Consumer,2024-07-13
378,Customer_378,Mumbai,Home Office,2023-06-23
379,Customer_379,Pune,Consumer,2022-08-02
380,Customer_380,Bangalore,Corporate,2024-02-15
381,Customer_381,Bangalore,Consumer,2022-04-06
382,Customer_382,Chennai,Consumer,2023-01-07
383,Customer_383,Kolkata,Corporate,2024-02-15
384,Customer_384,Chennai,Corporate,2023-02-13
385,Customer_385,Chennai,Corporate,2024-07-10
386,Customer_386,Chennai,Corporate,2022-01-14
387,Customer_387,Chennai,Consumer,2023-08-10
388,Customer_388,Chennai,Corporate,2023-03-26
389,Customer_389,Hyderabad,Corporate,2022-02-19
390,Customer_390,Bangalore,Home Office,2023-03-15
391,Customer_391,Chennai,Corporate,2023-12-09
392,Customer_392,Bangalore,Corporate,2022-02-27
393,Customer_393,Bangalore,Home Office,2023-02-26
394,Customer_394,Delhi,Home Office,2023-08-23
395,Customer_395,Hyderabad,Consumer,2022-02-28
396,Customer_396,Chennai,Home Office,2024-07-18
397,Customer_397,Mumbai,Consumer,2024-08-09
398,Customer_398,Pune,Home Office,2023-10-04
399,Customer_399,Kolkata,Home Office,2023-09-03
400,Customer_400,Mumbai,Consumer,2023-03-29
401,Customer_401,Hyderabad,Home Office,2022-09-14
402,Customer_402,Pune,Consumer,2022-03-09
403,Customer_403,Hyderabad,Home Office,2022-08-23
404,Customer_404,Bangalore,Corporate,2022-07-22
405,Customer_405,Pune,Home Office,2023-08-10
406,Customer_406,Bangalore,Consumer,2024-08-11
407,Customer_407,Mumbai,Home Office,2023-07-04
408,Customer_408,Mumbai,Consumer,2024-02-05
409,Customer_409,Pune,Consumer,2024-01-07
410,Customer_410,Pune,Corporate,2022-04-15
411,Customer_411,Chennai,Corporate,2024-08-06
412,Customer_412,Hyderabad,Consumer,2022-09-02
413,Customer_413,Chennai,Home Office,2022-10-18
414,Customer_414,Hyderabad,Consumer,2022-02-24
415,Customer_415,Chennai,Consumer,2023-07-12
416,Customer_416,Bangalore,Home Office,2023-01-11
417,Customer_417,Pune,Home Office,2023-07-21
418,Customer_418,Mumbai,Home Office,2024-02-22
419,Customer_419,Hyderabad,Home Office,2023-12-28
420,Customer_420,Hyderabad,Consumer,2022-07-08
421,Customer_421,Mumbai,Consumer,2022-10-07
422,Customer_422,Chennai,Corporate,2024-02-03
423,Customer_423,Hyderabad,Consumer,2022-07-06
424,Customer_424,Kolkata,Home Office,2023-09-29
425,Customer_425,Bangalore,Corporate,2023-09-29
426,Customer_426,Pune,Home Office,2022-09-25
427,Customer_427,Mumbai,Consumer,2023-08-23
428,Customer_428,Pune,Corporate,2022-03-25
429,Customer_429,Kolkata,Home Office,2023-07-20
430,Customer_430,Hyderabad,Corporate,2024-08-21
431,Customer_431,Hyderabad,Corporate,2022-07-31
432,Customer_432,Kolkata,Consumer,2024-03-16
433,Customer_433,Mumbai,Home Office,2023-01-17
434,Customer_434,Bangalore,Corporate,2024-02-23
435,Customer_435,Delhi,Corporate,2022-07-09
436,Customer_436,Mumbai,Home Office,2024-08-12
437,Customer_437,Delhi,Corporate,2023-03-10
438,Customer_438,Kolkata,Corporate,2022-03-08
439,Customer_439,Chennai,Corporate,2022-10-28
440,Customer_440,Delhi,Home Office,2024-04-29
441,Customer_441,Bangalore,Home Office,2024-03-09
442,Customer_442,Chennai,Home Office,2022-08-28
443,Customer_443,Delhi,Home Office,2024-05-23
444,Customer_444,Kolkata,Consumer,2024-03-11
445,Customer_445,Chennai,Corporate,2022-02-11
446,Customer_446,Kolkata,Home Office,2023-11-13
447,Customer_447,Delhi,Corporate,2023-03-13
448,Customer_448,Kolkata,Corporate,2022-08-02
449,Customer_449,Bangalore,Consumer,2023-05-05
450,Customer_450,Delhi,Home Office,2024-07-03
451,Customer_451,Delhi,Home Office,2022-04-16
452,Customer_452,Delhi,Corporate,2024-07-01
453,Customer_453,Mumbai,Home Office,2022-05-02
454,Customer_454,Mumbai,Corporate,2024-05-02
455,Customer_455,Mumbai,Corporate,2022-11-26
456,Customer_456,Bangalore,Consumer,2023-04-29
457,Customer_457,Chennai,Consumer,2024-01-26
458,Customer_458,Kolkata,Consumer,2022-04-02
459,Customer_459,Hyderabad,Corporate,2023-12-22
460,Customer_460,Delhi,Home Office,2024-02-23
461,Customer_461,Kolkata,Consumer,2022-08-28
462,Customer_462,Delhi,Home Office,2022-09-30
463,Customer_463,Bangalore,Consumer,2024-03-23
464,Customer_464,Delhi,Consumer,2022-04-17
465,Customer_465,Mumbai,Corporate,2023-10-29
466,Customer_466,Hyderabad,Consumer,2023-07-30
467,Customer_467,Pune,Consumer,2022-05-28
468,Customer_468,Delhi,Corporate,2022-04-08
469,Customer_469,Kolkata,Home Office,2023-02-11
470,Customer_470,Mumbai,Consumer,2023-03-08
471,Customer_471,Pune,Corporate,2023-09-29
472,Customer_472,Hyderabad,Consumer,2024-08-20
473,Customer_473,Pune,Corporate,2022-11-22
474,Customer_474,Mumbai,Home Office,2023-02-10
475,Customer_475,Chennai,Home Office,2024-05-02
476,Customer_476,Chennai,Corporate,2022-01-28
477,Customer_477,Pune,Corporate,2023-08-03
478,Customer_478,Bangalore,Corporate,2023-06-06
479,Customer_479,Kolkata,Home Office,2023-10-09
480,Customer_480,Kolkata,Consumer,2023-07-31
481,Customer_481,Pune,Home Office,2023-07-01
482,Customer_482,Delhi,Corporate,2023-06-02
483,Customer_483,Delhi,Corporate,2024-03-24
484,Customer_484,Kolkata,Home Office,2022-11-25
485,Customer_485,Kolkata,Corporate,2022-03-21
486,Customer_486,Chennai,Home Office,2024-04-22
487,Customer_487,Bangalore,Corporate,2022-09-20
488,Customer_488,Mumbai,Consumer,2023-11-22
489,Customer_489,Delhi,Consumer,2024-03-13
490,Customer_490,Kolkata,Corporate,2022-03-25
491,Customer_491,Chennai,Home Office,2024-07-23
492,Customer_492,Hyderabad,Consumer,2022-02-25
493,Customer_493,Chennai,Home Office,2023-10-23
494,Customer_494,Delhi,Corporate,2023-09-11
495,Customer_495,Delhi,Home Office,2024-03-13
496,Customer_496,Chennai,Consumer,2022-01-07
497,Customer_497,Mumbai,Home Office,2022-04-13
498,Customer_498,Pune,Home Office,2022-11-05
499,Customer_499,Delhi,Corporate,2022-01-01
500,Customer_500,Chennai,Corporate,2022-08-22
501,Customer_501,Kolkata,Corporate,2023-03-10
502,Customer_502,Chennai,Consumer,2023-06-15
503,Customer_503,Bangalore,Consumer,2023-09-28
504,Customer_504,Pune,Corporate,2022-04-19
505,Customer_505,Hyderabad,Corporate,2022-04-09
506,Customer_506,Mumbai,Consumer,2022-11-14
507,Customer_507,Hyderabad,Consumer,2024-02-26
508,Customer_508,Pune,Consumer,2022-06-20
509,Customer_509,Pune,Consumer,2024-09-24
510,Customer_510,Pune,Corporate,2022-08-06
511,Customer_511,Hyderabad,Consumer,2022-02-25
512,Customer_512,Kolkata,Corporate,2024-04-20
513,Customer_513,Pune,Home Office,2023-12-27
514,Customer_514,Chennai,Home Office,2024-08-27
515,Customer_515,Hyderabad,Consumer,2022-11-18
516,Customer_516,Pune,Home Office,2024-01-21
517,Customer_517,Chennai,Home Office,2023-06-28
518,Customer_518,Kolkata,Home Office,2022-12-19
519,Customer_519,Bangalore,Consumer,2023-05-08
520,Customer_520,Kolkata,Consumer,2024-09-21
521,Customer_521,Pune,Home Office,2022-12-26
522,Customer_522,Hyderabad,Corporate,2022-05-08
523,Customer_523,Delhi,Home Office,2023-12-20
524,Customer_524,Pune,Consumer,2023-01-04
525,Customer_525,Delhi,Consumer,2024-05-20
526,Customer_526,Chennai,Consumer,2023-12-02
527,Customer_527,Bangalore,Home Office,2023-01-14
528,Customer_528,Mumbai,Corporate,2024-01-12
529,Customer_529,Kolkata,Consumer,2022-12-20
530,Customer_530,Bangalore,Consumer,2023-12-09
531,Customer_531,Pune,Home Office,2024-04-02
532,Customer_532,Delhi,Corporate,2024-05-13
533,Customer_533,Kolkata,Home Office,2024-03-26
534,Customer_534,Delhi,Consumer,2022-06-10
535,Customer_535,Hyderabad,Corporate,2024-06-11
536,Customer_536,Delhi,Corporate,2022-09-18
537,Customer_537,Hyderabad,Consumer,2024-05-03
538,Customer_538,Chennai,Corporate,2022-02-11
539,Customer_539,Kolkata,Corporate,2024-05-02
540,Customer_540,Kolkata,Home Office,2023-01-25
541,Customer_541,Mumbai,Consumer,2022-10-01
542,Customer_542,Pune,Consumer,2024-02-06
543,Customer_543,Hyderabad,Consumer,2022-05-08
544,Customer_544,Mumbai,Consumer,2023-08-28
545,Customer_545,Delhi,Consumer,2024-05-24
546,Customer_546,Delhi,Corporate,2023-01-21
547,Customer_547,Mumbai,Home Office,2024-08-25
548,Customer_548,Kolkata,Consumer,2022-01-15
549,Customer_549,Delhi,Home Office,2022-09-13
550,Customer_550,Chennai,Home Office,2024-05-22
551,Customer_551,Chennai,Corporate,2023-11-23
552,Customer_552,Mumbai,Consumer,2023-03-02
553,Customer_553,Hyderabad,Corporate,2023-12-17
554,Customer_554,Hyderabad,Consumer,2022-01-19
555,Customer_555,Mumbai,Corporate,2024-07-15
556,Customer_556,Hyderabad,Home Office,2022-03-19
557,Customer_557,Kolkata,Consumer,2022-04-28
558,Customer_558,Kolkata,Home Office,2024-07-19
559,Customer_559,Hyderabad,Home Office,2022-03-22
560,Customer_560,Chennai,Corporate,2024-03-30
561,Customer_561,Hyderabad,Consumer,2023-11-06
562,Customer_562,Kolkata,Home Office,2023-06-11
563,Customer_563,Bangalore,Corporate,2022-11-14
564,Customer_564,Pune,Consumer,2022-07-29
565,Customer_565,Delhi,Consumer,2023-08-20
566,Customer_566,Bangalore,Home Office,2023-08-03
567,Customer_567,Hyderabad,Consumer,2022-01-11
568,Customer_568,Chennai,Home Office,2022-01-27
569,Customer_569,Mumbai,Consumer,2024-02-06
570,Customer_570,Hyderabad,Corporate,2022-03-21
571,Customer_571,Chennai,Home Office,2023-09-16
572,Customer_572,Pune,Home Office,2023-01-05
573,Customer_573,Hyderabad,Consumer,2023-09-26
574,Customer_574,Kolkata,Consumer,2023-06-19
575,Customer_575,Mumbai,Home Office,2023-10-23
576,Customer_576,Chennai,Consumer,2022-12-07
577,Customer_577,Chennai,Corporate,2022-02-03
578,Customer_578,Chennai,Consumer,2024-08-10
579,Customer_579,Pune,Corporate,2022-05-08
580,Customer_580,Hyderabad,Corporate,2022-08-07
581,Customer_581,Pune,Corporate,2022-02-17
582,Customer_582,Delhi,Corporate,2022-06-10
583,Customer_583,Delhi,Corporate,2023-01-15
584,Customer_584,Hyderabad,Consumer,2022-07-11
585,Customer_585,Kolkata,Corporate,2022-06-09
586,Customer_586,Pune,Consumer,2022-11-08
587,Customer_587,Mumbai,Corporate,2023-06-09
588,Customer_588,Chennai,Home Office,2022-05-20
589,Customer_589,Chennai,Corporate,2024-01-02
590,Customer_590,Hyderabad,Home Office,2023-09-03
591,Customer_591,Kolkata,Corporate,2023-02-12
592,Customer_592,Delhi,Corporate,2022-12-28
593,Customer_593,Delhi,Corporate,2023-06-06
594,Customer_594,Chennai,Home Office,2023-10-05
595,Customer_595,Hyderabad,Home Office,2024-08-06
596,Customer_596,Pune,Corporate,2022-01-24
597,Customer_597,Delhi,Consumer,2024-05-07
598,Customer_598,Pune,Corporate,2024-06-23
599,Customer_599,Kolkata,Home Office,2023-01-13
600,Customer_600,Delhi,Corporate,2022-06-05
601,Customer_601,Delhi,Home Office,2024-07-21
602,Customer_602,Bangalore,Home Office,2023-11-15
603,Customer_603,Delhi,Home Office,2022-01-07
604,Customer_604,Mumbai,Corporate,2022-10-19
605,Customer_605,Hyderabad,Home Office,2022-02-21
606,Customer_606,Hyderabad,Home Office,2024-07-24
607,Customer_607,Pune,Corporate,2023-04-24
608,Customer_608,Kolkata,Home Office,2022-02-09
609,Customer_609,Delhi,Corporate,2023-09-16
610,Customer_610,Mumbai,Home Office,2022-01-12
611,Customer_611,Pune,Consumer,2023-03-20
612,Customer_612,Bangalore,Consumer,2024-01-09
613,Customer_613,Pune,Home Office,2023-01-22
614,Customer_614,Pune,Consumer,2022-01-08
615,Customer_615,Delhi,Corporate,2023-06-11
616,Customer_616,Bangalore,Consumer,2022-05-31
617,Customer_617,Pune,Home Office,2024-03-23
618,Customer_618,Mumbai,Home Office,2022-01-12
619,Customer_619,Mumbai,Corporate,2024-04-06
620,Customer_620,Hyderabad,Home Office,2023-12-03
621,Customer_621,Bangalore,Corporate,2024-03-10
622,Customer_622,Bangalore,Consumer,2022-04-05
623,Customer_623,Hyderabad,Consumer,2023-05-05
624,Customer_624,Pune,Corporate,2024-05-02
625,Customer_625,Bangalore,Corporate,2023-02-08
626,Customer_626,Mumbai,Home Office,2023-09-04
627,Customer_627,Mumbai,Consumer,2023-05-25
628,Customer_628,Delhi,Corporate,2024-04-15
629,Customer_629,Bangalore,Consumer,2023-01-16
630,Customer_630,Pune,Corporate,2022-01-09
631,Customer_631,Hyderabad,Consumer,2022-08-16
632,Customer_632,Hyderabad,Home Office,2022-03-08
633,Customer_633,Pune,Consumer,2024-05-31
634,Customer_634,Kolkata,Consumer,2023-07-17
635,Customer_635,Chennai,Consumer,2024-09-26
636,Customer_636,Delhi,Consumer,2023-05-30
637,Customer_637,Hyderabad,Consumer,2023-06-20
638,Customer_638,Bangalore,Home Office,2023-08-30
639,Customer_639,Delhi,Corporate,2022-03-02
640,Customer_640,Bangalore,Consumer,2024-03-16
641,Customer_641,Kolkata,Home Office,2023-03-14
642,Customer_642,Mumbai,Consumer,2023-05-21
643,Customer_643,Delhi,Consumer,2023-08-07
644,Customer_644,Hyderabad,Corporate,2023-04-22
645,Customer_645,Delhi,Consumer,2023-07-08
646,Customer_646,Delhi,Home Office,2023-01-22
647,Customer_647,Delhi,Home Office,2023-10-06
648,Customer_648,Chennai,Corporate,2023-08-29
649,Customer_649,Delhi,Consumer,2023-06-05
650,Customer_650,Bangalore,Home Office,2023-04-15
651,Customer_651,Mumbai,Consumer,2024-08-24
652,Customer_652,Kolkata,Consumer,2022-08-01
653,Customer_653,Pune,Consumer,2022-03-28
654,Customer_654,Delhi,Corporate,2022-08-05
655,Customer_655,Hyderabad,Consumer,2022-12-11
656,Customer_656,Delhi,Home Office,2023-12-01
657,Customer_657,Hyderabad,Consumer,2022-06-06
658,Customer_658,Bangalore,Home Office,2022-05-13
659,Customer_659,Hyderabad,Consumer,2023-05-07
660,Customer_660,Pune,Home Office,2024-01-14
661,Customer_661,Mumbai,Home Office,2023-04-05
662,Customer_662,Hyderabad,Consumer,2022-06-14
663,Customer_663,Hyderabad,Consumer,2023-06-15
664,Customer_664,Mumbai,Home Office,2024-02-10
665,Customer_665,Pune,Corporate,2022-10-15
666,Customer_666,Delhi,Consumer,2022-01-11
667,Customer_667,Hyderabad,Corporate,2024-01-31
668,Customer_668,Mumbai,Consumer,2022-07-23
669,Customer_669,Bangalore,Consumer,2023-06-03
670,Customer_670,Mumbai,Consumer,2022-02-22
671,Customer_671,Bangalore,Consumer,2024-05-26
672,Customer_672,Pune,Corporate,2023-02-12
673,Customer_673,Delhi,Consumer,2022-06-12
674,Customer_674,Mumbai,Home Office,2022-11-28
675,Customer_675,Kolkata,Home Office,2022-09-22
676,Customer_676,Kolkata,Corporate,2022-09-15
677,Customer_677,Chennai,Consumer,2024-03-01
678,Customer_678,Hyderabad,Home Office,2022-08-21
679,Customer_679,Pune,Corporate,2024-02-11
680,Customer_680,Mumbai,Consumer,2023-06-17
681,Customer_681,Kolkata,Home Office,2022-06-09
682,Customer_682,Hyderabad,Home Office,2023-12-10
683,Customer_683,Kolkata,Corporate,2024-09-16
684,Customer_684,Mumbai,Consumer,2023-05-19
685,Customer_685,Bangalore,Consumer,2023-08-07
686,Customer_686,Mumbai,Home Office,2024-06-04
687,Customer_687,Chennai,Home Office,2022-05-22
688,Customer_688,Mumbai,Home Office,2023-05-29
689,Customer_689,Mumbai,Consumer,2023-12-31
690,Customer_690,Chennai,Corporate,2022-12-23
691,Customer_691,Pune,Corporate,2023-02-10
692,Customer_692,Mumbai,Consumer,2022-12-12
693,Customer_693,Chennai,Corporate,2022-04-23
694,Customer_694,Hyderabad,Home Office,2023-04-10
695,Customer_695,Bangalore,Corporate,2022-08-06
696,Customer_696,Bangalore,Corporate,2024-03-22
697,Customer_697,Mumbai,Corporate,2024-06-22
698,Customer_698,Pune,Home Office,2024-03-23
699,Customer_699,Pune,Consumer,2023-06-10
700,Customer_700,Hyderabad,Home Office,2023-01-26
701,Customer_701,Mumbai,Consumer,2024-07-11
702,Customer_702,Bangalore,Consumer,2023-07-23
703,Customer_703,Pune,Consumer,2024-01-03
704,Customer_704,Mumbai,Corporate,2022-02-17
705,Customer_705,Kolkata,Corporate,2024-05-01
706,Customer_706,Pune,Consumer,2022-05-03
707,Customer_707,Chennai,Consumer,2022-09-22
708,Customer_708,Kolkata,Corporate,2022-01-09
709,Customer_709,Pune,Home Office,2023-04-07
710,Customer_710,Bangalore,Consumer,2024-08-23
711,Customer_711,Delhi,Home Office,2024-06-02
712,Customer_712,Kolkata,Corporate,2024-03-07
713,Customer_713,Hyderabad,Consumer,2024-09-02
714,Customer_714,Hyderabad,Home Office,2023-01-30
715,Customer_715,Bangalore,Home Office,2023-01-06
716,Customer_716,Pune,Home Office,2022-07-04
717,Customer_717,Mumbai,Corporate,2022-02-10
718,Customer_718,Pune,Corporate,2022-09-30
719,Customer_719,Bangalore,Home Office,2022-06-28
720,Customer_720,Hyderabad,Home Office,2023-06-24
721,Customer_721,Pune,Corporate,2022-06-19
722,Customer_722,Hyderabad,Home Office,2024-02-06
723,Customer_723,Kolkata,Home Office,2022-08-12
724,Customer_724,Mumbai,Corporate,2023-01-04
725,Customer_725,Kolkata,Home Office,2024-03-28
726,Customer_726,Hyderabad,Home Office,2022-09-05
727,Customer_727,Hyderabad,Home Office,2022-05-10
728,Customer_728,Delhi,Corporate,2022-06-17
729,Customer_729,Delhi,Home Office,2022-04-15
730,Customer_730,Kolkata,Corporate,2024-04-14
731,Customer_731,Chennai,Corporate,2022-11-28
732,Customer_732,Kolkata,Consumer,2024-08-01
733,Customer_733,Delhi,Consumer,2023-10-10
734,Customer_734,Hyderabad,Home Office,2022-06-05
735,Customer_735,Bangalore,Corporate,2023-05-22
736,Customer_736,Kolkata,Consumer,2023-09-10
737,Customer_737,Hyderabad,Home Office,2023-12-31
738,Customer_738,Bangalore,Consumer,2024-06-14
739,Customer_739,Bangalore,Consumer,2024-08-31
740,Customer_740,Delhi,Corporate,2024-07-06
741,Customer_741,Kolkata,Corporate,2022-01-12
742,Customer_742,Pune,Consumer,2022-07-11
743,Customer_743,Mumbai,Consumer,2024-09-13
744,Customer_744,Delhi,Corporate,2023-08-19
745,Customer_745,Delhi,Home Office,2024-03-09
746,Customer_746,Pune,Corporate,2022-12-25
747,Customer_747,Mumbai,Consumer,2024-01-16
748,Customer_748,Hyderabad,Home Office,2023-07-11
749,Customer_749,Chennai,Consumer,2024-06-22
750,Customer_750,Kolkata,Home Office,2024-08-25
751,Customer_751,Chennai,Consumer,2022-07-16
752,Customer_752,Hyderabad,Home Office,2023-08-23
753,Customer_753,Delhi,Home Office,2022-11-25
754,Customer_754,Mumbai,Consumer,2022-01-10
755,Customer_755,Delhi,Home Office,2022-06-23
756,Customer_756,Bangalore,Corporate,2022-10-27
757,Customer_757,Delhi,Consumer,2024-02-03
758,Customer_758,Delhi,Corporate,2024-09-13
759,Customer_759,Hyderabad,Consumer,2022-06-17
760,Customer_760,Hyderabad,Home Office,2023-05-02
761,Customer_761,Hyderabad,Home Office,2023-09-18
762,Customer_762,Chennai,Home Office,2023-02-27
763,Customer_763,Bangalore,Consumer,2023-05-06
764,Customer_764,Hyderabad,Corporate,2022-04-29
765,Customer_765,Mumbai,Corporate,2022-12-12
766,Customer_766,Chennai,Consumer,2022-11-08
767,Customer_767,Pune,Consumer,2023-12-03
768,Customer_768,Mumbai,Corporate,2024-05-24
769,Customer_769,Kolkata,Corporate,2022-02-26
770,Customer_770,Kolkata,Corporate,2022-10-17
771,Customer_771,Mumbai,Corporate,2022-03-13
772,Customer_772,Hyderabad,Consumer,2022-02-04
773,Customer_773,Pune,Consumer,2024-01-17
774,Customer_774,Pune,Home Office,2022-12-12
775,Customer_775,Chennai,Corporate,2023-02-06
776,Customer_776,Pune,Home Office,2023-06-15
777,Customer_777,Kolkata,Consumer,2024-05-07
778,Customer_778,Bangalore,Consumer,2024-07-29
779,Customer_779,Hyderabad,Home Office,2022-09-29
780,Customer_780,Pune,Corporate,2023-02-23
781,Customer_781,Chennai,Corporate,2023-02-17
782,Customer_782,Kolkata,Corporate,2022-09-20
783,Customer_783,Bangalore,Corporate,2022-07-02
784,Customer_784,Delhi,Home Office,2023-08-21
785,Customer_785,Delhi,Home Office,2022-09-20
786,Customer_786,Bangalore,Consumer,2024-08-26
787,Customer_787,Kolkata,Corporate,2023-03-03
788,Customer_788,Chennai,Corporate,2024-09-18
789,Customer_789,Bangalore,Corporate,2022-06-05
790,Customer_790,Hyderabad,Home Office,2022-09-10
791,Customer_791,Hyderabad,Corporate,2024-02-28
792,Customer_792,Delhi,Home Office,2022-04-04
793,Customer_793,Pune,Corporate,2022-10-22
794,Customer_794,Chennai,Corporate,2023-08-22
795,Customer_795,Delhi,Consumer,2024-09-15
796,Customer_796,Pune,Corporate,2023-05-25
797,Customer_797,Pune,Corporate,2022-12-31
798,Customer_798,Hyderabad,Consumer,2023-01-15
799,Customer_799,Kolkata,Home Office,2023-11-29
800,Customer_800,Mumbai,Home Office,2023-05-16
801,Customer_801,Kolkata,Corporate,2023-11-09
802,Customer_802,Mumbai,Home Office,2024-03-28
803,Customer_803,Bangalore,Corporate,2024-08-28
804,Customer_804,Hyderabad,Consumer,2022-09-06
805,Customer_805,Pune,Consumer,2022-01-25
806,Customer_806,Chennai,Corporate,2022-12-30
807,Customer_807,Mumbai,Consumer,2024-07-20
808,Customer_808,Kolkata,Consumer,2022-09-19
809,Customer_809,Pune,Corporate,2023-12-13
810,Customer_810,Mumbai,Corporate,2023-04-15
811,Customer_811,Mumbai,Consumer,2024-03-19
812,Customer_812,Mumbai,Home Office,2023-06-30
813,Customer_813,Chennai,Home Office,2023-11-14
814,Customer_814,Hyderabad,Corporate,2022-01-21
815,Customer_815,Chennai,Corporate,2023-01-30
816,Customer_816,Delhi,Home Office,2022-04-24
817,Customer_817,Pune,Consumer,2022-08-23
818,Customer_818,Hyderabad,Home Office,2023-12-02
819,Customer_819,Hyderabad,Home Office,2022-01-21
820,Customer_820,Hyderabad,Home Office,2024-03-21
821,Customer_821,Kolkata,Home Office,2024-01-22
822,Customer_822,Hyderabad,Corporate,2022-09-27
823,Customer_823,Chennai,Corporate,2022-01-03
824,Customer_824,Hyderabad,Consumer,2022-10-15
825,Customer_825,Bangalore,Consumer,2024-03-04
826,Customer_826,Pune,Consumer,2023-02-18
827,Customer_827,Hyderabad,Consumer,2024-08-11
828,Customer_828,Pune,Home Office,2024-05-19
829,Customer_829,Bangalore,Corporate,2022-06-12
830,Customer_830,Bangalore,Corporate,2022-06-01
831,Customer_831,Pune,Consumer,2022-08-28
832,Customer_832,Mumbai,Consumer,2022-11-30
833,Customer_833,Delhi,Home Office,2023-07-23
834,Customer_834,Kolkata,Home Office,2022-09-06
835,Customer_835,Mumbai,Consumer,2023-10-01
836,Customer_836,Mumbai,Corporate,2023-02-09
837,Customer_837,Chennai,Corporate,2023-01-12
838,Customer_838,Kolkata,Corporate,2023-11-23
839,Customer_839,Kolkata,Consumer,2022-02-08
840,Customer_840,Mumbai,Corporate,2022-08-31
841,Customer_841,Hyderabad,Home Office,2022-03-28
842,Customer_842,Chennai,Home Office,2024-08-25
843,Customer_843,Chennai,Consumer,2022-01-06
844,Customer_844,Bangalore,Home Office,2022-09-02
845,Customer_845,Kolkata,Consumer,2024-03-10
846,Customer_846,Mumbai,Corporate,2023-02-14
847,Customer_847,Bangalore,Corporate,2022-11-20
848,Customer_848,Pune,Corporate,2022-03-11
849,Customer_849,Delhi,Home Office,2023-09-13
850,Customer_850,Chennai,Consumer,2024-06-11
851,Customer_851,Pune,Corporate,2023-08-25
852,Customer_852,Pune,Consumer,2023-06-29
853,Customer_853,Hyderabad,Corporate,2024-07-04
854,Customer_854,Delhi,Home Office,2022-03-13
855,Customer_855,Pune,Home Office,2024-07-08
856,Customer_856,Pune,Consumer,2022-03-28
857,Customer_857,Delhi,Home Office,2023-12-27
858,Customer_858,Delhi,Home Office,2023-07-30
859,Customer_859,Pune,Consumer,2022-11-01
860,Customer_860,Delhi,Corporate,2023-08-16
861,Customer_861,Pune,Home Office,2022-09-09
862,Customer_862,Pune,Consumer,2023-05-12
863,Customer_863,Hyderabad,Home Office,2023-10-24
864,Customer_864,Mumbai,Home Office,2023-09-04
865,Customer_865,Pune,Home Office,2023-08-04
866,Customer_866,Bangalore,Home Office,2023-02-26
867,Customer_867,Chennai,Consumer,2023-09-14
868,Customer_868,Kolkata,Consumer,2022-11-12
869,Customer_869,Mumbai,Consumer,2022-02-24
870,Customer_870,Mumbai,Home Office,2022-10-19
871,Customer_871,Mumbai,Home Office,2023-05-12
872,Customer_872,Hyderabad,Home Office,2024-05-02
873,Customer_873,Pune,Consumer,2023-06-23
874,Customer_874,Hyderabad,Home Office,2024-08-27
875,Customer_875,Pune,Corporate,2023-02-22
876,Customer_876,Hyderabad,Home Office,2023-07-31
877,Customer_877,Hyderabad,Corporate,2022-01-26
878,Customer_878,Chennai,Home Office,2023-04-04
879,Customer_879,Bangalore,Consumer,2023-07-11
880,Customer_880,Hyderabad,Home Office,2023-11-16
881,Customer_881,Chennai,Corporate,2023-06-17
882,Customer_882,Delhi,Corporate,2022-03-07
883,Customer_883,Bangalore,Home Office,2024-07-28
884,Customer_884,Hyderabad,Corporate,2022-01-27
885,Customer_885,Kolkata,Corporate,2022-03-25
886,Customer_886,Mumbai,Consumer,2023-08-16
887,Customer_887,Delhi,Home Office,2022-10-14
888,Customer_888,Delhi,Home Office,2024-03-31
889,Customer_889,Chennai,Home Office,2022-04-21
890,Customer_890,Delhi,Corporate,2024-08-20
891,Customer_891,Bangalore,Home Office,2022-11-17
892,Customer_892,Hyderabad,Home Office,2022-03-20
893,Customer_893,Hyderabad,Consumer,2022-06-01
894,Customer_894,Kolkata,Consumer,2022-03-12
895,Customer_895,Mumbai,Consumer,2023-10-30
896,Customer_896,Chennai,Corporate,2022-05-13
897,Customer_897,Mumbai,Home Office,2023-10-15
898,Customer_898,Delhi,Consumer,2024-07-02
899,Customer_899,Kolkata,Consumer,2022-11-27
900,Customer_900,Mumbai,Consumer,2024-07-09
901,Customer_901,Bangalore,Home Office,2023-04-25
902,Customer_902,Hyderabad,Home Office,2022-04-04
903,Customer_903,Delhi,Home Office,2022-05-24
904,Customer_904,Kolkata,Corporate,2023-10-30
905,Customer_905,Mumbai,Corporate,2024-03-04
906,Customer_906,Chennai,Consumer,2023-03-10
907,Customer_907,Bangalore,Home Office,2023-11-16
908,Customer_908,Bangalore,Consumer,2023-03-19
909,Customer_909,Mumbai,Home Office,2023-07-10
910,Customer_910,Hyderabad,Home Office,2023-11-23
911,Customer_911,Mumbai,Home Office,2024-05-04
912,Customer_912,Delhi,Corporate,2024-09-07
913,Customer_913,Mumbai,Corporate,2023-12-09
914,Customer_914,Bangalore,Home Office,2022-06-26
915,Customer_915,Kolkata,Consumer,2023-02-16
916,Customer_916,Mumbai,Home Office,2022-05-28
917,Customer_917,Hyderabad,Home Office,2022-12-22
918,Customer_918,Kolkata,Consumer,2022-07-15
919,Customer_919,Chennai,Home Office,2022-02-14
920,Customer_920,Pune,Consumer,2023-02-13
921,Customer_921,Mumbai,Corporate,2023-12-25
922,Customer_922,Hyderabad,Corporate,2022-03-28
923,Customer_923,Kolkata,Consumer,2022-08-13
924,Customer_924,Hyderabad,Corporate,2022-06-30
925,Customer_925,Chennai,Corporate,2023-07-05
926,Customer_926,Bangalore,Consumer,2022-03-15
927,Customer_927,Hyderabad,Corporate,2023-06-09
928,Customer_928,Kolkata,Home Office,2023-09-27
929,Customer_929,Hyderabad,Home Office,2022-05-30
930,Customer_930,Hyderabad,Consumer,2023-03-31
931,Customer_931,Hyderabad,Corporate,2022-02-27
932,Customer_932,Delhi,Home Office,2024-05-08
933,Customer_933,Delhi,Home Office,2023-06-13
934,Customer_934,Bangalore,Corporate,2022-09-04
935,Customer_935,Mumbai,Corporate,2023-05-14
936,Customer_936,Hyderabad,Home Office,2024-02-22
937,Customer_937,Chennai,Home Office,2024-02-23
938,Customer_938,Mumbai,Consumer,2024-08-16
939,Customer_939,Chennai,Consumer,2022-05-23
940,Customer_940,Mumbai,Home Office,2022-06-17
941,Customer_941,Bangalore,Consumer,2023-12-28
942,Customer_942,Hyderabad,Home Office,2022-06-20
943,Customer_943,Hyderabad,Home Office,2022-03-21
944,Customer_944,Pune,Consumer,2023-01-06
945,Customer_945,Chennai,Consumer,2024-05-16
946,Customer_946,Mumbai,Corporate,2023-05-01
947,Customer_947,Mumbai,Corporate,2024-02-21
948,Customer_948,Delhi,Corporate,2022-09-26
949,Customer_949,Pune,Home Office,2023-10-03
950,Customer_950,Kolkata,Consumer,2024-09-24
951,Customer_951,Kolkata,Home Office,2024-02-04
952,Customer_952,Delhi,Consumer,2022-02-27
953,Customer_953,Delhi,Home Office,2024-01-07
954,Customer_954,Delhi,Corporate,2022-08-27
955,Customer_955,Chennai,Corporate,2022-11-02
956,Customer_956,Chennai,Corporate,2023-10-21
957,Customer_957,Bangalore,Home Office,2024-06-18
958,Customer_958,Bangalore,Consumer,2022-12-21
959,Customer_959,Delhi,Consumer,2022-02-05
960,Customer_960,Pune,Corporate,2022-01-17
961,Customer_961,Mumbai,Corporate,2022-09-25
962,Customer_962,Chennai,Corporate,2023-11-10
963,Customer_963,Pune,Corporate,2023-09-07
964,Customer_964,Hyderabad,Consumer,2023-03-22
965,Customer_965,Chennai,Home Office,2023-08-15
966,Customer_966,Chennai,Home Office,2022-11-26
967,Customer_967,Bangalore,Home Office,2023-08-17
968,Customer_968,Mumbai,Home Office,2023-05-08
969,Customer_969,Mumbai,Corporate,2022-07-26
970,Customer_970,Kolkata,Corporate,2023-09-15
971,Customer_971,Kolkata,Corporate,2022-06-08
972,Customer_972,Kolkata,Home Office,2024-04-29
973,Customer_973,Kolkata,Corporate,2023-04-10
974,Customer_974,Hyderabad,Corporate,2022-04-09
975,Customer_975,Hyderabad,Consumer,2023-06-14
976,Customer_976,Chennai,Consumer,2023-05-26
977,Customer_977,Delhi,Corporate,2023-09-22
978,Customer_978,Bangalore,Consumer,2022-09-04
979,Customer_979,Bangalore,Consumer,2022-05-25
980,Customer_980,Kolkata,Corporate,2022-10-25
981,Customer_981,Chennai,Corporate,2023-04-06
982,Customer_982,Pune,Corporate,2023-11-04
983,Customer_983,Delhi,Corporate,2022-01-20
984,Customer_984,Chennai,Home Office,2022-09-21
985,Customer_985,Delhi,Home Office,2022-01-19
986,Customer_986,Delhi,Corporate,2024-04-03
987,Customer_987,Delhi,Consumer,2023-06-15
988,Customer_988,Chennai,Corporate,2023-09-02
989,Customer_989,Kolkata,Corporate,2023-10-13
990,Customer_990,Bangalore,Consumer,2024-07-18
991,Customer_991,Bangalore,Home Office,2024-08-03
992,Customer_992,Kolkata,Corporate,2022-01-18
993,Customer_993,Delhi,Corporate,2022-03-09
994,Customer_994,Pune,Home Office,2022-10-05
995,Customer_995,Mumbai,Home Office,2024-04-19
996,Customer_996,Chennai,Consumer,2024-05-13
997,Customer_997,Mumbai,Home Office,2024-03-15
998,Customer_998,Kolkata,Home Office,2023-12-02
999,Customer_999,Pune,Home Office,2023-08-12
1000,Customer_1000,Chennai,Consumer,2024-05-25
1001,Customer_1001,Kolkata,Home Office,2023-12-26
1002,Customer_1002,Delhi,Home Office,2023-07-19
1003,Customer_1003,Bangalore,Consumer,2023-09-25
1004,Customer_1004,Mumbai,Home Office,2023-01-17
1005,Customer_1005,Hyderabad,Home Office,2023-11-03
1006,Customer_1006,Hyderabad,Consumer,2024-02-12
1007,Customer_1007,Pune,Corporate,2023-09-11
1008,Customer_1008,Delhi,Consumer,2024-06-11
1009,Customer_1009,Mumbai,Home Office,2024-03-14
1010,Customer_1010,Delhi,Home Office,2022-06-12
1011,Customer_1011,Mumbai,Home Office,2022-02-04
1012,Customer_1012,Pune,Consumer,2023-06-28
1013,Customer_1013,Pune,Home Office,2024-09-18
1014,Customer_1014,Hyderabad,Home Office,2022-10-03
1015,Customer_1015,Delhi,Consumer,2023-10-08
1016,Customer_1016,Chennai,Corporate,2022-09-03
1017,Customer_1017,Hyderabad,Corporate,2022-01-26
1018,Customer_1018,Delhi,Home Office,2023-10-14
1019,Customer_1019,Hyderabad,Consumer,2022-12-28
1020,Customer_1020,Chennai,Home Office,2024-03-01
1021,Customer_1021,Bangalore,Consumer,2022-02-05
1022,Customer_1022,Bangalore,Consumer,2024-02-06
1023,Customer_1023,Bangalore,Corporate,2023-04-05
1024,Customer_1024,Bangalore,Corporate,2022-09-07
1025,Customer_1025,Kolkata,Consumer,2023-11-17
1026,Customer_1026,Mumbai,Home Office,2022-10-27
1027,Customer_1027,Kolkata,Corporate,2024-09-23
1028,Customer_1028,Kolkata,Home Office,2023-04-29
1029,Customer_1029,Kolkata,Corporate,2022-05-11
1030,Customer_1030,Bangalore,Corporate,2022-10-23
1031,Customer_1031,Chennai,Home Office,2022-06-30
1032,Customer_1032,Pune,Corporate,2023-10-08
1033,Customer_1033,Pune,Corporate,2024-02-24
1034,Customer_1034,Mumbai,Home Office,2024-01-07
1035,Customer_1035,Bangalore,Corporate,2022-09-29
1036,Customer_1036,Bangalore,Corporate,2022-02-11
1037,Customer_1037,Bangalore,Corporate,2023-08-08
1038,Customer_1038,Hyderabad,Home Office,2024-05-29
1039,Customer_1039,Delhi,Consumer,2022-10-29
1040,Customer_1040,Hyderabad,Home Office,2024-03-14
1041,Customer_1041,Delhi,Consumer,2022-11-30
1042,Customer_1042,Bangalore,Corporate,2024-01-20
1043,Customer_1043,Bangalore,Consumer,2022-12-15
1044,Customer_1044,Hyderabad,Home Office,2023-01-13
1045,Customer_1045,Hyderabad,Home Office,2023-08-02
1046,Customer_1046,Delhi,Corporate,2023-06-21
1047,Customer_1047,Pune,Consumer,2023-09-05
1048,Customer_1048,Delhi,Corporate,2022-08-13
1049,Customer_1049,Hyderabad,Corporate,2023-01-01
1050,Customer_1050,Chennai,Home Office,2023-12-18
1051,Customer_1051,Hyderabad,Consumer,2022-02-03
1052,Customer_1052,Chennai,Consumer,2023-07-09
1053,Customer_1053,Mumbai,Consumer,2024-04-03
1054,Customer_1054,Hyderabad,Consumer,2023-07-11
1055,Customer_1055,Mumbai,Corporate,2022-08-19
1056,Customer_1056,Pune,Corporate,2024-08-16
1057,Customer_1057,Delhi,Home Office,2022-09-21
1058,Customer_1058,Chennai,Corporate,2024-06-24
1059,Customer_1059,Delhi,Corporate,2024-08-16
1060,Customer_1060,Mumbai,Home Office,2023-05-10
1061,Customer_1061,Chennai,Home Office,2022-03-28
1062,Customer_1062,Delhi,Home Office,2022-03-14
1063,Customer_1063,Hyderabad,Corporate,2022-09-30
1064,Customer_1064,Bangalore,Corporate,2024-08-17
1065,Customer_1065,Mumbai,Home Office,2024-01-09
1066,Customer_1066,Delhi,Home Office,2022-08-06
1067,Customer_1067,Mumbai,Home Office,2022-06-25
1068,Customer_1068,Kolkata,Corporate,2022-04-24
1069,Customer_1069,Mumbai,Corporate,2024-03-29
1070,Customer_1070,Chennai,Consumer,2023-10-03
1071,Customer_1071,Kolkata,Corporate,2023-04-01
1072,Customer_1072,Chennai,Corporate,2024-09-13
1073,Customer_1073,Bangalore,Corporate,2022-02-26
1074,Customer_1074,Kolkata,Home Office,2022-10-25
1075,Customer_1075,Hyderabad,Corporate,2023-06-21
1076,Customer_1076,Mumbai,Home Office,2022-04-26
1077,Customer_1077,Delhi,Consumer,2022-03-22
1078,Customer_1078,Pune,Consumer,2022-01-20
1079,Customer_1079,Mumbai,Home Office,2022-03-01
1080,Customer_1080,Mumbai,Home Office,2024-09-10
1081,Customer_1081,Bangalore,Home Office,2024-08-22
1082,Customer_1082,Hyderabad,Corporate,2022-11-19
1083,Customer_1083,Pune,Consumer,2024-01-06
1084,Customer_1084,Kolkata,Home Office,2024-04-23
1085,Customer_1085,Kolkata,Corporate,2024-08-17
1086,Customer_1086,Kolkata,Consumer,2023-12-14
1087,Customer_1087,Chennai,Corporate,2022-11-09
1088,Customer_1088,Chennai,Consumer,2024-04-04
1089,Customer_1089,Delhi,Corporate,2024-01-03
1090,Customer_1090,Pune,Consumer,2023-10-04
1091,Customer_1091,Kolkata,Consumer,2022-10-12
1092,Customer_1092,Chennai,Corporate,2022-07-18
1093,Customer_1093,Delhi,Home Office,2022-03-17
1094,Customer_1094,Hyderabad,Consumer,2024-04-12
1095,Customer_1095,Delhi,Home Office,2022-03-17
1096,Customer_1096,Chennai,Corporate,2023-04-02
1097,Customer_1097,Bangalore,Home Office,2024-03-21
1098,Customer_1098,Bangalore,Home Office,2023-10-16
1099,Customer_1099,Kolkata,Home Office,2022-03-19
1100,Customer_1100,Bangalore,Home Office,2022-07-09
1101,Customer_1101,Kolkata,Home Office,2023-10-23
1102,Customer_1102,Kolkata,Consumer,2023-10-16
1103,Customer_1103,Chennai,Consumer,2023-04-10
1104,Customer_1104,Bangalore,Consumer,2022-07-28
1105,Customer_1105,Kolkata,Corporate,2022-02-09
1106,Customer_1106,Pune,Home Office,2024-03-18
1107,Customer_1107,Hyderabad,Consumer,2022-01-23
1108,Customer_1108,Delhi,Corporate,2024-02-28
1109,Customer_1109,Delhi,Consumer,2024-05-16
1110,Customer_1110,Chennai,Consumer,2023-01-04
1111,Customer_1111,Bangalore,Home Office,2023-03-03
1112,Customer_1112,Bangalore,Corporate,2022-12-30
1113,Customer_1113,Kolkata,Home Office,2023-01-05
1114,Customer_1114,Mumbai,Home Office,2023-10-24
1115,Customer_1115,Kolkata,Consumer,2024-08-03
1116,Customer_1116,Hyderabad,Home Office,2023-11-21
1117,Customer_1117,Pune,Corporate,2023-04-04
1118,Customer_1118,Delhi,Home Office,2022-08-11
1119,Customer_1119,Kolkata,Home Office,2023-12-07
1120,Customer_1120,Mumbai,Home Office,2023-07-31
1121,Customer_1121,Mumbai,Consumer,2022-12-25
1122,Customer_1122,Kolkata,Corporate,2023-09-03
1123,Customer_1123,Chennai,Consumer,2023-09-24
1124,Customer_1124,Delhi,Consumer,2023-07-27
1125,Customer_1125,Chennai,Consumer,2022-08-16
1126,Customer_1126,Pune,Consumer,2022-03-13
1127,Customer_1127,Mumbai,Consumer,2024-04-24
1128,Customer_1128,Mumbai,Corporate,2023-02-24
1129,Customer_1129,Hyderabad,Home Office,2022-01-07
1130,Customer_1130,Pune,Consumer,2022-12-16
1131,Customer_1131,Mumbai,Consumer,2024-01-21
1132,Customer_1132,Pune,Corporate,2022-12-01
1133,Customer_1133,Delhi,Corporate,2022-02-28
1134,Customer_1134,Bangalore,Home Office,2024-04-17
1135,Customer_1135,Mumbai,Corporate,2022-05-11
1136,Customer_1136,Hyderabad,Home Office,2024-01-20
1137,Customer_1137,Delhi,Consumer,2024-09-22
1138,Customer_1138,Kolkata,Consumer,2023-04-06
1139,Customer_1139,Pune,Home Office,2023-11-23
1140,Customer_1140,Kolkata,Corporate,2022-10-08
1141,Customer_1141,Chennai,Home Office,2023-01-12
1142,Customer_1142,Delhi,Corporate,2024-06-05
1143,Customer_1143,Kolkata,Consumer,2024-07-10
1144,Customer_1144,Mumbai,Corporate,2024-06-08
1145,Customer_1145,Pune,Home Office,2023-10-17
1146,Customer_1146,Bangalore,Home Office,2024-03-29
1147,Customer_1147,Delhi,Consumer,2024-02-06
1148,Customer_1148,Mumbai,Corporate,2023-10-06
1149,Customer_1149,Hyderabad,Corporate,2023-09-29
1150,Customer_1150,Chennai,Corporate,2024-04-18
1151,Customer_1151,Pune,Consumer,2024-03-24
1152,Customer_1152,Delhi,Corporate,2022-03-28
1153,Customer_1153,Delhi,Home Office,2023-09-13
1154,Customer_1154,Bangalore,Corporate,2024-03-19
1155,Customer_1155,Bangalore,Consumer,2023-12-01
1156,Customer_1156,Hyderabad,Corporate,2024-04-29
1157,Customer_1157,Chennai,Corporate,2024-06-26
1158,Customer_1158,Hyderabad,Home Office,2023-08-12
1159,Customer_1159,Mumbai,Corporate,2022-02-14
1160,Customer_1160,Mumbai,Home Office,2022-04-25
1161,Customer_1161,Hyderabad,Home Office,2023-01-22
1162,Customer_1162,Chennai,Consumer,2022-02-25
1163,Customer_1163,Hyderabad,Home Office,2024-09-21
1164,Customer_1164,Chennai,Home Office,2023-07-18
1165,Customer_1165,Chennai,Consumer,2023-08-19
1166,Customer_1166,Kolkata,Home Office,2022-02-19
1167,Customer_1167,Pune,Consumer,2022-05-02
1168,Customer_1168,Chennai,Corporate,2023-03-23
1169,Customer_1169,Bangalore,Consumer,2023-10-02
1170,Customer_1170,Chennai,Home Office,2024-01-19
1171,Customer_1171,Chennai,Consumer,2024-01-28
1172,Customer_1172,Chennai,Home Office,2024-02-07
1173,Customer_1173,Kolkata,Corporate,2024-02-24
1174,Customer_1174,Kolkata,Consumer,2023-05-15
1175,Customer_1175,Mumbai,Corporate,2024-07-16
1176,Customer_1176,Kolkata,Home Office,2022-05-30
1177,Customer_1177,Bangalore,Home Office,2023-08-22
1178,Customer_1178,Bangalore,Corporate,2023-06-12
1179,Customer_1179,Kolkata,Consumer,2024-05-01
1180,Customer_1180,Hyderabad,Consumer,2022-05-18
1181,Customer_1181,Pune,Home Office,2024-03-04
1182,Customer_1182,Kolkata,Corporate,2023-01-18
1183,Customer_1183,Chennai,Corporate,2023-09-03
1184,Customer_1184,Delhi,Consumer,2024-02-20
1185,Customer_1185,Pune,Consumer,2022-01-30
1186,Customer_1186,Pune,Consumer,2023-10-10
1187,Customer_1187,Bangalore,Corporate,2023-03-07
1188,Customer_1188,Pune,Consumer,2022-08-09
1189,Customer_1189,Kolkata,Consumer,2024-02-02
1190,Customer_1190,Chennai,Home Office,2022-02-07
1191,Customer_1191,Chennai,Consumer,2022-05-16
1192,Customer_1192,Mumbai,Consumer,2022-12-09
1193,Customer_1193,Chennai,Corporate,2023-01-15
1194,Customer_1194,Chennai,Corporate,2024-03-20
1195,Customer_1195,Bangalore,Home Office,2022-12-08
1196,Customer_1196,Chennai,Consumer,2022-02-17
1197,Customer_1197,Mumbai,Home Office,2022-09-04
1198,Customer_1198,Delhi,Corporate,2024-08-04
1199,Customer_1199,Kolkata,Home Office,2023-04-27
1200,Customer_1200,Bangalore,Corporate,2023-05-21
1201,Customer_1201,Delhi,Home Office,2022-04-17
1202,Customer_1202,Bangalore,Home Office,2023-10-09
1203,Customer_1203,Hyderabad,Consumer,2022-05-04
1204,Customer_1204,Pune,Home Office,2023-09-12
1205,Customer_1205,Hyderabad,Consumer,2024-01-12
1206,Customer_1206,Chennai,Consumer,2022-08-29
1207,Customer_1207,Delhi,Consumer,2023-05-21
1208,Customer_1208,Chennai,Consumer,2024-01-09
1209,Customer_1209,Pune,Home Office,2023-05-18
1210,Customer_1210,Bangalore,Corporate,2022-06-13
1211,Customer_1211,Pune,Corporate,2022-12-29
1212,Customer_1212,Mumbai,Corporate,2023-09-18
1213,Customer_1213,Pune,Home Office,2022-07-26
1214,Customer_1214,Mumbai,Consumer,2023-06-11
1215,Customer_1215,Pune,Corporate,2023-10-01
1216,Customer_1216,Kolkata,Home Office,2022-01-17
1217,Customer_1217,Mumbai,Consumer,2024-02-03
1218,Customer_1218,Delhi,Corporate,2022-11-07
1219,Customer_1219,Chennai,Consumer,2023-08-15
1220,Customer_1220,Chennai,Corporate,2022-09-06
1221,Customer_1221,Hyderabad,Corporate,2024-08-03
1222,Customer_1222,Chennai,Corporate,2023-07-11
1223,Customer_1223,Bangalore,Consumer,2023-11-28
1224,Customer_1224,Kolkata,Home Office,2023-08-23
1225,Customer_1225,Pune,Consumer,2022-09-18
1226,Customer_1226,Hyderabad,Corporate,2022-07-05
1227,Customer_1227,Bangalore,Consumer,2024-08-23
1228,Customer_1228,Bangalore,Home Office,2023-05-09
1229,Customer_1229,Mumbai,Consumer,2024-07-13
1230,Customer_1230,Chennai,Home Office,2022-01-27
1231,Customer_1231,Delhi,Home Office,2024-04-14
1232,Customer_1232,Delhi,Consumer,2023-02-23
1233,Customer_1233,Hyderabad,Corporate,2022-09-07
1234,Customer_1234,Kolkata,Home Office,2022-08-10
1235,Customer_1235,Delhi,Consumer,2022-01-07
1236,Customer_1236,Pune,Home Office,2023-07-31
1237,Customer_1237,Delhi,Corporate,2023-08-01
1238,Customer_1238,Hyderabad,Consumer,2022-09-06
1239,Customer_1239,Delhi,Consumer,2023-05-27
1240,Customer_1240,Pune,Consumer,2022-04-05
1241,Customer_1241,Mumbai,Corporate,2023-07-09
1242,Customer_1242,Kolkata,Home Office,2022-01-30
1243,Customer_1243,Hyderabad,Consumer,2023-12-06
1244,Customer_1244,Mumbai,Home Office,2023-10-28
1245,Customer_1245,Mumbai,Home Office,2022-11-13
1246,Customer_1246,Mumbai,Corporate,2022-06-07
1247,Customer_1247,Bangalore,Consumer,2022-05-29
1248,Customer_1248,Kolkata,Home Office,2022-07-14
1249,Customer_1249,Chennai,Consumer,2022-04-03
1250,Customer_1250,Kolkata,Consumer,2024-09-08
1251,Customer_1251,Bangalore,Corporate,2024-06-26
1252,Customer_1252,Chennai,Consumer,2024-08-14
1253,Customer_1253,Kolkata,Consumer,2023-12-23
1254,Customer_1254,Mumbai,Home Office,2023-08-14
1255,Customer_1255,Hyderabad,Corporate,2024-08-12
1256,Customer_1256,Chennai,Consumer,2022-02-03
1257,Customer_1257,Pune,Home Office,2022-05-25
1258,Customer_1258,Pune,Corporate,2024-04-07
1259,Customer_1259,Delhi,Corporate,2023-10-04
1260,Customer_1260,Chennai,Home Office,2023-03-16
1261,Customer_1261,Hyderabad,Home Office,2023-01-09
1262,Customer_1262,Bangalore,Home Office,2024-06-18
1263,Customer_1263,Mumbai,Home Office,2023-01-05
1264,Customer_1264,Delhi,Home Office,2024-06-28
1265,Customer_1265,Pune,Consumer,2023-05-11
1266,Customer_1266,Bangalore,Consumer,2022-09-10
1267,Customer_1267,Bangalore,Corporate,2022-05-05
1268,Customer_1268,Mumbai,Consumer,2023-01-23
1269,Customer_1269,Chennai,Consumer,2023-08-23
1270,Customer_1270,Pune,Consumer,2022-11-20
1271,Customer_1271,Hyderabad,Home Office,2023-08-07
1272,Customer_1272,Bangalore,Corporate,2022-07-08
1273,Customer_1273,Mumbai,Corporate,2023-12-28
1274,Customer_1274,Hyderabad,Corporate,2022-09-14
1275,Customer_1275,Chennai,Corporate,2024-07-29
1276,Customer_1276,Pune,Consumer,2023-11-16
1277,Customer_1277,Chennai,Consumer,2022-05-24
1278,Customer_1278,Bangalore,Home Office,2023-06-14
1279,Customer_1279,Hyderabad,Corporate,2022-10-25
1280,Customer_1280,Hyderabad,Consumer,2024-09-03
1281,Customer_1281,Hyderabad,Consumer,2022-04-22
1282,Customer_1282,Bangalore,Home Office,2023-06-13
1283,Customer_1283,Bangalore,Home Office,2022-12-22
1284,Customer_1284,Chennai,Home Office,2022-10-22
1285,Customer_1285,Delhi,Consumer,2022-02-27
1286,Customer_1286,Chennai,Consumer,2023-12-29
1287,Customer_1287,Pune,Home Office,2024-01-20
1288,Customer_1288,Mumbai,Corporate,2023-12-31
1289,Customer_1289,Hyderabad,Home Office,2023-05-27
1290,Customer_1290,Delhi,Home Office,2023-03-14
1291,Customer_1291,Mumbai,Home Office,2024-03-26
1292,Customer_1292,Delhi,Home Office,2022-11-23
1293,Customer_1293,Kolkata,Consumer,2022-02-05
1294,Customer_1294,Chennai,Corporate,2023-01-16
1295,Customer_1295,Bangalore,Home Office,2023-08-24
1296,Customer_1296,Hyderabad,Corporate,2024-02-16
1297,Customer_1297,Chennai,Corporate,2024-06-25
1298,Customer_1298,Mumbai,Corporate,2024-02-12
1299,Customer_1299,Kolkata,Home Office,2024-03-07
1300,Customer_1300,Kolkata,Consumer,2024-09-07
1301,Customer_1301,Kolkata,Home Office,2024-06-08
1302,Customer_1302,Mumbai,Corporate,2023-01-30
1303,Customer_1303,Mumbai,Corporate,2024-06-22
1304,Customer_1304,Mumbai,Consumer,2023-04-14
1305,Customer_1305,Mumbai,Home Office,2023-04-20
1306,Customer_1306,Kolkata,Corporate,2023-06-29
1307,Customer_1307,Kolkata,Consumer,2022-10-11
1308,Customer_1308,Delhi,Corporate,2022-11-13
1309,Customer_1309,Chennai,Consumer,2023-11-01
1310,Customer_1310,Hyderabad,Consumer,2022-12-27
1311,Customer_1311,Bangalore,Home Office,2023-03-03
1312,Customer_1312,Kolkata,Corporate,2024-01-02
1313,Customer_1313,Bangalore,Home Office,2024-07-26
1314,Customer_1314,Chennai,Corporate,2023-05-26
1315,Customer_1315,Chennai,Home Office,2022-01-17
1316,Customer_1316,Bangalore,Corporate,2023-01-04
1317,Customer_1317,Kolkata,Home Office,2022-08-02
1318,Customer_1318,Bangalore,Consumer,2023-01-25
1319,Customer_1319,Delhi,Corporate,2022-01-29
1320,Customer_1320,Pune,Corporate,2024-03-26
1321,Customer_1321,Kolkata,Consumer,2023-02-07
1322,Customer_1322,Kolkata,Home Office,2024-03-24
1323,Customer_1323,Hyderabad,Corporate,2023-02-22
1324,Customer_1324,Mumbai,Corporate,2023-08-03
1325,Customer_1325,Pune,Home Office,2022-03-11
1326,Customer_1326,Chennai,Consumer,2022-07-16
1327,Customer_1327,Kolkata,Home Office,2022-01-27
1328,Customer_1328,Bangalore,Home Office,2023-09-01
1329,Customer_1329,Pune,Home Office,2023-03-28
1330,Customer_1330,Hyderabad,Corporate,2024-07-24
1331,Customer_1331,Chennai,Consumer,2024-05-13
1332,Customer_1332,Mumbai,Consumer,2022-03-21
1333,Customer_1333,Mumbai,Home Office,2024-03-13
1334,Customer_1334,Hyderabad,Corporate,2024-06-11
1335,Customer_1335,Hyderabad,Home Office,2024-05-22
1336,Customer_1336,Bangalore,Corporate,2024-02-23
1337,Customer_1337,Kolkata,Corporate,2024-01-06
1338,Customer_1338,Mumbai,Corporate,2024-06-17
1339,Customer_1339,Chennai,Corporate,2024-02-20
1340,Customer_1340,Pune,Consumer,2024-05-11
1341,Customer_1341,Chennai,Corporate,2023-05-24
1342,Customer_1342,Delhi,Corporate,2022-04-06
1343,Customer_1343,Delhi,Home Office,2023-01-13
1344,Customer_1344,Hyderabad,Home Office,2022-10-30
1345,Customer_1345,Bangalore,Consumer,2022-11-28
1346,Customer_1346,Delhi,Home Office,2023-01-09
1347,Customer_1347,Mumbai,Corporate,2022-05-10
1348,Customer_1348,Chennai,Home Office,2023-10-15
1349,Customer_1349,Chennai,Consumer,2023-04-01
1350,Customer_1350,Hyderabad,Home Office,2023-08-31
1351,Customer_1351,Kolkata,Home Office,2023-11-04
1352,Customer_1352,Kolkata,Consumer,2022-12-04
1353,Customer_1353,Pune,Consumer,2023-05-07
1354,Customer_1354,Hyderabad,Corporate,2022-11-19
1355,Customer_1355,Pune,Home Office,2023-02-09
1356,Customer_1356,Kolkata,Corporate,2023-10-09
1357,Customer_1357,Hyderabad,Home Office,2023-06-14
1358,Customer_1358,Hyderabad,Home Office,2023-06-07
1359,Customer_1359,Hyderabad,Corporate,2023-02-03
1360,Customer_1360,Kolkata,Home Office,2022-10-25
1361,Customer_1361,Pune,Home Office,2022-03-19
1362,Customer_1362,Pune,Home Office,2022-05-17
1363,Customer_1363,Hyderabad,Consumer,2024-08-11
1364,Customer_1364,Delhi,Corporate,2024-09-23
1365,Customer_1365,Bangalore,Consumer,2024-02-06
1366,Customer_1366,Kolkata,Corporate,2024-04-21
1367,Customer_1367,Bangalore,Corporate,2022-08-20
1368,Customer_1368,Bangalore,Home Office,2022-10-25
1369,Customer_1369,Pune,Corporate,2024-06-01
1370,Customer_1370,Pune,Consumer,2022-09-03
1371,Customer_1371,Delhi,Consumer,2022-03-14
1372,Customer_1372,Bangalore,Consumer,2022-08-20
1373,Customer_1373,Bangalore,Corporate,2024-02-24
1374,Customer_1374,Hyderabad,Consumer,2023-05-14
1375,Customer_1375,Pune,Corporate,2022-05-28
1376,Customer_1376,Bangalore,Consumer,2023-04-17
1377,Customer_1377,Chennai,Consumer,2024-03-10
1378,Customer_1378,Delhi,Corporate,2024-04-12
1379,Customer_1379,Chennai,Consumer,2024-09-24
1380,Customer_1380,Chennai,Home Office,2023-05-23
1381,Customer_1381,Kolkata,Corporate,2022-07-30
1382,Customer_1382,Kolkata,Corporate,2024-06-13
1383,Customer_1383,Delhi,Corporate,2024-03-25
1384,Customer_1384,Chennai,Home Office,2024-06-17
1385,Customer_1385,Bangalore,Corporate,2023-11-15
1386,Customer_1386,Pune,Consumer,2022-08-14
1387,Customer_1387,Delhi,Consumer,2023-01-17
1388,Customer_1388,Hyderabad,Consumer,2023-02-21
1389,Customer_1389,Chennai,Corporate,2023-07-23
1390,Customer_1390,Delhi,Consumer,2022-03-28
1391,Customer_1391,Mumbai,Corporate,2023-01-08
1392,Customer_1392,Mumbai,Consumer,2023-11-14
1393,Customer_1393,Kolkata,Home Office,2022-10-11
1394,Customer_1394,Pune,Home Office,2023-04-06
1395,Customer_1395,Bangalore,Home Office,2022-10-02
1396,Customer_1396,Pune,Home Office,2024-07-06
1397,Customer_1397,Pune,Corporate,2022-02-09
1398,Customer_1398,Pune,Consumer,2022-04-10
1399,Customer_1399,Pune,Home Office,2024-01-08
1400,Customer_1400,Hyderabad,Corporate,2022-03-13
1401,Customer_1401,Hyderabad,Home Office,2023-12-30
1402,Customer_1402,Kolkata,Home Office,2022-05-13
1403,Customer_1403,Delhi,Corporate,2022-05-09
1404,Customer_1404,Mumbai,Corporate,2022-11-27
1405,Customer_1405,Pune,Consumer,2022-12-10
1406,Customer_1406,Kolkata,Consumer,2022-10-08
1407,Customer_1407,Delhi,Home Office,2024-07-10
1408,Customer_1408,Mumbai,Home Office,2022-07-05
1409,Customer_1409,Chennai,Consumer,2022-05-13
1410,Customer_1410,Bangalore,Consumer,2024-02-24
1411,Customer_1411,Hyderabad,Corporate,2022-08-17
1412,Customer_1412,Chennai,Consumer,2024-01-16
1413,Customer_1413,Mumbai,Consumer,2024-04-17
1414,Customer_1414,Chennai,Home Office,2022-10-23
1415,Customer_1415,Bangalore,Consumer,2022-01-20
1416,Customer_1416,Kolkata,Home Office,2024-09-17
1417,Customer_1417,Mumbai,Consumer,2024-07-30
1418,Customer_1418,Chennai,Corporate,2023-11-05
1419,Customer_1419,Hyderabad,Consumer,2023-11-23
1420,Customer_1420,Hyderabad,Consumer,2022-07-07
1421,Customer_1421,Delhi,Consumer,2022-10-15
1422,Customer_1422,Chennai,Home Office,2022-12-02
1423,Customer_1423,Pune,Corporate,2022-04-17
1424,Customer_1424,Chennai,Consumer,2022-07-14
1425,Customer_1425,Kolkata,Home Office,2024-06-26
1426,Customer_1426,Mumbai,Corporate,2022-07-26
1427,Customer_1427,Mumbai,Home Office,2024-01-11
1428,Customer_1428,Kolkata,Home Office,2022-09-19
1429,Customer_1429,Chennai,Corporate,2024-05-28
1430,Customer_1430,Kolkata,Consumer,2024-04-01
1431,Customer_1431,Bangalore,Home Office,2022-05-30
1432,Customer_1432,Kolkata,Home Office,2023-12-29
1433,Customer_1433,Hyderabad,Consumer,2024-02-08
1434,Customer_1434,Kolkata,Consumer,2023-10-03
1435,Customer_1435,Mumbai,Corporate,2022-04-14
1436,Customer_1436,Hyderabad,Corporate,2024-06-19
1437,Customer_1437,Mumbai,Corporate,2023-08-29
1438,Customer_1438,Delhi,Consumer,2024-03-03
1439,Customer_1439,Pune,Home Office,2023-02-15
1440,Customer_1440,Mumbai,Home Office,2022-03-02
1441,Customer_1441,Hyderabad,Corporate,2023-06-20
1442,Customer_1442,Delhi,Consumer,2023-09-01
1443,Customer_1443,Mumbai,Home Office,2024-03-14
1444,Customer_1444,Bangalore,Corporate,2023-06-02
1445,Customer_1445,Kolkata,Home Office,2022-06-27
1446,Customer_1446,Pune,Home Office,2022-08-29
1447,Customer_1447,Mumbai,Consumer,2024-01-17
1448,Customer_1448,Delhi,Consumer,2023-10-26
1449,Customer_1449,Bangalore,Home Office,2023-02-26
1450,Customer_1450,Chennai,Corporate,2022-01-09
1451,Customer_1451,Delhi,Consumer,2022-01-08
1452,Customer_1452,Kolkata,Home Office,2023-01-26
1453,Customer_1453,Delhi,Consumer,2024-03-10
1454,Customer_1454,Bangalore,Consumer,2022-08-04
1455,Customer_1455,Delhi,Consumer,2023-05-15
1456,Customer_1456,Bangalore,Home Office,2024-02-20
1457,Customer_1457,Mumbai,Corporate,2024-02-28
1458,Customer_1458,Bangalore,Corporate,2023-02-16
1459,Customer_1459,Bangalore,Corporate,2022-09-01
1460,Customer_1460,Pune,Consumer,2023-10-05
1461,Customer_1461,Bangalore,Home Office,2022-03-15
1462,Customer_1462,Bangalore,Consumer,2022-04-17
1463,Customer_1463,Chennai,Corporate,2023-07-27
1464,Customer_1464,Mumbai,Corporate,2022-01-01
1465,Customer_1465,Kolkata,Home Office,2024-04-16
1466,Customer_1466,Pune,Consumer,2023-04-24
1467,Customer_1467,Chennai,Corporate,2022-10-26
1468,Customer_1468,Hyderabad,Home Office,2022-01-25
1469,Customer_1469,Mumbai,Consumer,2022-07-14
1470,Customer_1470,Mumbai,Consumer,2024-06-09
1471,Customer_1471,Hyderabad,Corporate,2023-05-08
1472,Customer_1472,Kolkata,Corporate,2023-03-04
1473,Customer_1473,Bangalore,Consumer,2023-03-28
1474,Customer_1474,Chennai,Consumer,2022-06-13
1475,Customer_1475,Delhi,Corporate,2023-07-31
1476,Customer_1476,Pune,Consumer,2023-06-08
1477,Customer_1477,Delhi,Corporate,2024-01-28
1478,Customer_1478,Hyderabad,Consumer,2024-07-28
1479,Customer_1479,Mumbai,Corporate,2022-05-17
1480,Customer_1480,Kolkata,Home Office,2023-09-02
1481,Customer_1481,Mumbai,Corporate,2022-01-12
1482,Customer_1482,Pune,Corporate,2022-04-27
1483,Customer_1483,Mumbai,Home Office,2022-12-06
1484,Customer_1484,Mumbai,Consumer,2023-03-04
1485,Customer_1485,Pune,Home Office,2022-09-10
1486,Customer_1486,Chennai,Corporate,2023-01-10
1487,Customer_1487,Chennai,Consumer,2024-08-14
1488,Customer_1488,Pune,Home Office,2024-06-13
1489,Customer_1489,Kolkata,Consumer,2022-06-11
1490,Customer_1490,Hyderabad,Consumer,2024-03-23
1491,Customer_1491,Mumbai,Home Office,2023-05-07
1492,Customer_1492,Kolkata,Consumer,2023-01-14
1493,Customer_1493,Mumbai,Home Office,2023-12-02
1494,Customer_1494,Hyderabad,Corporate,2022-07-17
1495,Customer_1495,Chennai,Consumer,2022-02-02
1496,Customer_1496,Kolkata,Corporate,2023-07-01
1497,Customer_1497,Bangalore,Corporate,2023-07-09
1498,Customer_1498,Bangalore,Consumer,2022-06-23
1499,Customer_1499,Bangalore,Home Office,2023-11-23
1500,Customer_1500,Chennai,Consumer,2024-07-20
1501,Customer_1501,Chennai,Corporate,2022-03-22
1502,Customer_1502,Hyderabad,Corporate,2024-02-18
1503,Customer_1503,Mumbai,Home Office,2022-02-27
1504,Customer_1504,Hyderabad,Consumer,2022-05-31
1505,Customer_1505,Hyderabad,Corporate,2023-03-23
1506,Customer_1506,Chennai,Corporate,2022-04-08
1507,Customer_1507,Bangalore,Corporate,2022-03-25
1508,Customer_1508,Delhi,Home Office,2022-09-01
1509,Customer_1509,Mumbai,Corporate,2023-04-29
1510,Customer_1510,Chennai,Corporate,2022-09-13
1511,Customer_1511,Bangalore,Consumer,2022-07-05
1512,Customer_1512,Kolkata,Consumer,2024-08-07
1513,Customer_1513,Delhi,Corporate,2023-02-01
1514,Customer_1514,Delhi,Corporate,2023-07-31
1515,Customer_1515,Chennai,Consumer,2022-10-19
1516,Customer_1516,Pune,Home Office,2024-01-08
1517,Customer_1517,Mumbai,Home Office,2022-07-31
1518,Customer_1518,Delhi,Home Office,2024-08-08
1519,Customer_1519,Chennai,Home Office,2022-01-19
1520,Customer_1520,Chennai,Home Office,2023-02-12
1521,Customer_1521,Bangalore,Home Office,2022-05-20
1522,Customer_1522,Kolkata,Home Office,2022-12-22
1523,Customer_1523,Pune,Home Office,2022-07-25
1524,Customer_1524,Mumbai,Consumer,2024-08-13
1525,Customer_1525,Hyderabad,Home Office,2022-07-28
1526,Customer_1526,Kolkata,Home Office,2023-05-25
1527,Customer_1527,Kolkata,Home Office,2024-04-10
1528,Customer_1528,Bangalore,Corporate,2023-01-10
1529,Customer_1529,Delhi,Consumer,2023-11-22
1530,Customer_1530,Delhi,Consumer,2023-07-13
1531,Customer_1531,Bangalore,Consumer,2022-12-31
1532,Customer_1532,Chennai,Home Office,2023-12-01
1533,Customer_1533,Delhi,Home Office,2024-08-01
1534,Customer_1534,Pune,Corporate,2023-12-29
1535,Customer_1535,Mumbai,Consumer,2024-01-28
1536,Customer_1536,Kolkata,Home Office,2024-01-27
1537,Customer_1537,Kolkata,Consumer,2023-06-12
1538,Customer_1538,Pune,Corporate,2023-02-20
1539,Customer_1539,Delhi,Corporate,2024-02-12
1540,Customer_1540,Kolkata,Corporate,2024-04-21
1541,Customer_1541,Hyderabad,Consumer,2022-02-28
1542,Customer_1542,Mumbai,Home Office,2022-01-08
1543,Customer_1543,Mumbai,Home Office,2024-07-07
1544,Customer_1544,Kolkata,Corporate,2022-09-04
1545,Customer_1545,Bangalore,Home Office,2024-07-21
1546,Customer_1546,Kolkata,Corporate,2022-04-23
1547,Customer_1547,Bangalore,Consumer,2024-05-07
1548,Customer_1548,Kolkata,Corporate,2023-08-07
1549,Customer_1549,Hyderabad,Consumer,2022-08-26
1550,Customer_1550,Chennai,Corporate,2023-03-26
1551,Customer_1551,Mumbai,Home Office,2024-07-17
1552,Customer_1552,Kolkata,Home Office,2023-03-23
1553,Customer_1553,Hyderabad,Corporate,2023-12-18
1554,Customer_1554,Bangalore,Home Office,2022-02-06
1555,Customer_1555,Bangalore,Home Office,2023-01-22
1556,Customer_1556,Mumbai,Home Office,2022-08-12
1557,Customer_1557,Pune,Consumer,2024-05-30
1558,Customer_1558,Kolkata,Home Office,2023-09-13
1559,Customer_1559,Delhi,Consumer,2023-01-25
1560,Customer_1560,Bangalore,Corporate,2024-01-30
1561,Customer_1561,Chennai,Home Office,2024-09-01
1562,Customer_1562,Chennai,Home Office,2022-04-22
1563,Customer_1563,Bangalore,Home Office,2023-08-27
1564,Customer_1564,Pune,Corporate,2024-07-31
1565,Customer_1565,Pune,Consumer,2023-05-03
1566,Customer_1566,Hyderabad,Consumer,2024-07-22
1567,Customer_1567,Chennai,Home Office,2023-11-07
1568,Customer_1568,Hyderabad,Corporate,2023-04-24
1569,Customer_1569,Chennai,Corporate,2023-02-26
1570,Customer_1570,Kolkata,Corporate,2023-03-21
1571,Customer_1571,Kolkata,Corporate,2024-06-14
1572,Customer_1572,Delhi,Corporate,2024-05-18
1573,Customer_1573,Kolkata,Consumer,2024-02-09
1574,Customer_1574,Delhi,Consumer,2022-07-16
1575,Customer_1575,Kolkata,Consumer,2024-08-10
1576,Customer_1576,Mumbai,Home Office,2022-06-24
1577,Customer_1577,Kolkata,Corporate,2024-09-11
1578,Customer_1578,Hyderabad,Home Office,2024-04-10
1579,Customer_1579,Bangalore,Corporate,2024-06-29
1580,Customer_1580,Hyderabad,Consumer,2023-11-13
1581,Customer_1581,Bangalore,Home Office,2022-01-29
1582,Customer_1582,Pune,Consumer,2022-10-31
1583,Customer_1583,Hyderabad,Corporate,2024-01-23
1584,Customer_1584,Pune,Corporate,2023-12-17
1585,Customer_1585,Delhi,Corporate,2022-11-25
1586,Customer_1586,Delhi,Consumer,2024-01-24
1587,Customer_1587,Mumbai,Corporate,2024-04-23
1588,Customer_1588,Kolkata,Consumer,2024-04-08
1589,Customer_1589,Hyderabad,Home Office,2024-04-10
1590,Customer_1590,Pune,Corporate,2022-03-10
1591,Customer_1591,Bangalore,Corporate,2023-11-05
1592,Customer_1592,Delhi,Corporate,2022-10-23
1593,Customer_1593,Kolkata,Home Office,2023-03-18
1594,Customer_1594,Delhi,Corporate,2024-01-16
1595,Customer_1595,Bangalore,Consumer,2023-12-19
1596,Customer_1596,Kolkata,Consumer,2023-05-19
1597,Customer_1597,Kolkata,Corporate,2022-06-28
1598,Customer_1598,Pune,Corporate,2023-01-12
1599,Customer_1599,Pune,Home Office,2024-05-25
1600,Customer_1600,Hyderabad,Home Office,2023-07-09
1601,Customer_1601,Hyderabad,Home Office,2022-05-20
1602,Customer_1602,Chennai,Corporate,2024-06-11
1603,Customer_1603,Chennai,Home Office,2023-12-21
1604,Customer_1604,Mumbai,Home Office,2024-05-22
1605,Customer_1605,Delhi,Consumer,2022-10-27
1606,Customer_1606,Hyderabad,Home Office,2022-10-26
1607,Customer_1607,Pune,Consumer,2023-07-10
1608,Customer_1608,Bangalore,Consumer,2022-07-22
1609,Customer_1609,Pune,Home Office,2023-03-08
1610,Customer_1610,Delhi,Consumer,2022-03-28
1611,Customer_1611,Chennai,Corporate,2022-04-09
1612,Customer_1612,Pune,Corporate,2023-06-05
1613,Customer_1613,Mumbai,Home Office,2024-08-31
1614,Customer_1614,Delhi,Corporate,2022-11-27
1615,Customer_1615,Chennai,Consumer,2024-09-24
1616,Customer_1616,Bangalore,Corporate,2023-01-31
1617,Customer_1617,Chennai,Home Office,2022-01-27
1618,Customer_1618,Kolkata,Home Office,2023-01-07
1619,Customer_1619,Mumbai,Consumer,2024-05-27
1620,Customer_1620,Delhi,Home Office,2022-10-25
1621,Customer_1621,Bangalore,Corporate,2023-03-05
1622,Customer_1622,Mumbai,Home Office,2024-04-22
1623,Customer_1623,Chennai,Consumer,2022-10-16
1624,Customer_1624,Mumbai,Home Office,2024-02-27
1625,Customer_1625,Delhi,Corporate,2023-08-23
1626,Customer_1626,Hyderabad,Consumer,2024-06-29
1627,Customer_1627,Mumbai,Corporate,2024-07-10
1628,Customer_1628,Kolkata,Consumer,2024-02-26
1629,Customer_1629,Mumbai,Home Office,2023-05-01
1630,Customer_1630,Chennai,Consumer,2022-01-25
1631,Customer_1631,Chennai,Consumer,2022-01-26
1632,Customer_1632,Bangalore,Home Office,2022-11-13
1633,Customer_1633,Chennai,Corporate,2022-03-08
1634,Customer_1634,Pune,Home Office,2024-07-13
1635,Customer_1635,Delhi,Consumer,2024-03-31
1636,Customer_1636,Delhi,Home Office,2022-01-17
1637,Customer_1637,Hyderabad,Consumer,2024-05-24
1638,Customer_1638,Hyderabad,Home Office,2023-02-23
1639,Customer_1639,Delhi,Home Office,2023-03-06
1640,Customer_1640,Kolkata,Corporate,2023-07-14
1641,Customer_1641,Hyderabad,Consumer,2022-10-08
1642,Customer_1642,Bangalore,Corporate,2023-10-26
1643,Customer_1643,Chennai,Consumer,2022-06-16
1644,Customer_1644,Delhi,Home Office,2024-05-27
1645,Customer_1645,Hyderabad,Consumer,2022-04-24
1646,Customer_1646,Delhi,Corporate,2022-03-22
1647,Customer_1647,Pune,Corporate,2023-11-24
1648,Customer_1648,Mumbai,Corporate,2022-08-26
1649,Customer_1649,Chennai,Consumer,2023-02-14
1650,Customer_1650,Delhi,Corporate,2023-05-02
1651,Customer_1651,Mumbai,Corporate,2023-02-06
1652,Customer_1652,Hyderabad,Corporate,2022-11-17
1653,Customer_1653,Mumbai,Home Office,2024-02-13
1654,Customer_1654,Chennai,Home Office,2022-09-30
1655,Customer_1655,Delhi,Consumer,2022-02-01
1656,Customer_1656,Pune,Consumer,2022-05-13
1657,Customer_1657,Kolkata,Corporate,2024-06-15
1658,Customer_1658,Hyderabad,Home Office,2024-01-01
1659,Customer_1659,Delhi,Corporate,2024-09-23
1660,Customer_1660,Chennai,Corporate,2024-07-14
1661,Customer_1661,Hyderabad,Home Office,2023-08-04
1662,Customer_1662,Bangalore,Home Office,2022-05-14
1663,Customer_1663,Mumbai,Home Office,2022-07-07
1664,Customer_1664,Kolkata,Consumer,2023-07-10
1665,Customer_1665,Chennai,Consumer,2022-02-14
1666,Customer_1666,Bangalore,Corporate,2023-10-11
1667,Customer_1667,Delhi,Consumer,2024-05-19
1668,Customer_1668,Pune,Home Office,2022-01-30
1669,Customer_1669,Hyderabad,Home Office,2022-08-16
1670,Customer_1670,Mumbai,Consumer,2024-01-24
1671,Customer_1671,Hyderabad,Corporate,2024-02-13
1672,Customer_1672,Kolkata,Corporate,2022-08-28
1673,Customer_1673,Delhi,Consumer,2023-02-03
1674,Customer_1674,Hyderabad,Corporate,2022-08-22
1675,Customer_1675,Mumbai,Corporate,2023-03-03
1676,Customer_1676,Delhi,Corporate,2022-02-24
1677,Customer_1677,Hyderabad,Home Office,2022-03-18
1678,Customer_1678,Pune,Home Office,2022-04-12
1679,Customer_1679,Chennai,Consumer,2024-05-14
1680,Customer_1680,Delhi,Home Office,2024-07-30
1681,Customer_1681,Chennai,Corporate,2023-05-09
1682,Customer_1682,Delhi,Home Office,2024-09-04
1683,Customer_1683,Pune,Consumer,2023-05-31
1684,Customer_1684,Chennai,Home Office,2022-04-15
1685,Customer_1685,Bangalore,Corporate,2022-12-05
1686,Customer_1686,Mumbai,Corporate,2023-12-14
1687,Customer_1687,Bangalore,Consumer,2024-05-27
1688,Customer_1688,Hyderabad,Home Office,2022-01-22
1689,Customer_1689,Pune,Home Office,2022-07-27
1690,Customer_1690,Bangalore,Home Office,2022-09-24
1691,Customer_1691,Delhi,Corporate,2022-05-04
1692,Customer_1692,Hyderabad,Consumer,2023-04-20
1693,Customer_1693,Hyderabad,Home Office,2024-03-21
1694,Customer_1694,Bangalore,Corporate,2022-03-11
1695,Customer_1695,Bangalore,Corporate,2022-01-02
1696,Customer_1696,Pune,Corporate,2024-05-06
1697,Customer_1697,Mumbai,Home Office,2022-03-18
1698,Customer_1698,Bangalore,Home Office,2022-07-17
1699,Customer_1699,Kolkata,Home Office,2022-02-02
1700,Customer_1700,Bangalore,Home Office,2024-05-28
1701,Customer_1701,Chennai,Home Office,2023-09-12
1702,Customer_1702,Delhi,Home Office,2024-03-28
1703,Customer_1703,Kolkata,Home Office,2022-06-30
1704,Customer_1704,Kolkata,Home Office,2024-04-28
1705,Customer_1705,Chennai,Home Office,2023-02-25
1706,Customer_1706,Chennai,Corporate,2024-06-29
1707,Customer_1707,Hyderabad,Home Office,2023-01-20
1708,Customer_1708,Mumbai,Consumer,2022-03-14
1709,Customer_1709,Delhi,Corporate,2022-03-05
1710,Customer_1710,Pune,Home Office,2023-01-17
1711,Customer_1711,Kolkata,Consumer,2024-06-23
1712,Customer_1712,Pune,Home Office,2022-05-18
1713,Customer_1713,Bangalore,Consumer,2022-02-12
1714,Customer_1714,Bangalore,Consumer,2022-09-28
1715,Customer_1715,Pune,Consumer,2023-04-26
1716,Customer_1716,Bangalore,Consumer,2022-03-31
1717,Customer_1717,Mumbai,Corporate,2024-02-25
1718,Customer_1718,Chennai,Corporate,2022-07-09
1719,Customer_1719,Bangalore,Consumer,2023-04-02
1720,Customer_1720,Hyderabad,Home Office,2023-12-30
1721,Customer_1721,Bangalore,Consumer,2023-01-29
1722,Customer_1722,Delhi,Corporate,2022-01-29
1723,Customer_1723,Mumbai,Home Office,2022-04-02
1724,Customer_1724,Delhi,Corporate,2022-05-09
1725,Customer_1725,Delhi,Corporate,2022-01-26
1726,Customer_1726,Hyderabad,Home Office,2022-02-10
1727,Customer_1727,Mumbai,Consumer,2022-04-18
1728,Customer_1728,Mumbai,Consumer,2023-05-02
1729,Customer_1729,Mumbai,Consumer,2023-12-05
1730,Customer_1730,Mumbai,Consumer,2022-06-23
1731,Customer_1731,Mumbai,Home Office,2023-10-24
1732,Customer_1732,Hyderabad,Home Office,2023-02-15
1733,Customer_1733,Bangalore,Home Office,2024-02-21
1734,Customer_1734,Delhi,Corporate,2022-06-15
1735,Customer_1735,Mumbai,Home Office,2022-09-25
1736,Customer_1736,Kolkata,Consumer,2022-05-08
1737,Customer_1737,Bangalore,Corporate,2023-02-15
1738,Customer_1738,Bangalore,Consumer,2022-12-15
1739,Customer_1739,Delhi,Consumer,2022-09-02
1740,Customer_1740,Hyderabad,Home Office,2022-11-10
1741,Customer_1741,Pune,Home Office,2022-04-15
1742,Customer_1742,Pune,Consumer,2023-07-10
1743,Customer_1743,Bangalore,Consumer,2022-05-18
1744,Customer_1744,Chennai,Corporate,2022-07-06
1745,Customer_1745,Chennai,Home Office,2023-09-01
1746,Customer_1746,Delhi,Corporate,2024-06-11
1747,Customer_1747,Pune,Corporate,2024-08-20
1748,Customer_1748,Bangalore,Corporate,2022-04-13
1749,Customer_1749,Hyderabad,Consumer,2023-08-10
1750,Customer_1750,Pune,Corporate,2023-06-05
1751,Customer_1751,Bangalore,Corporate,2023-11-23
1752,Customer_1752,Bangalore,Consumer,2024-03-04
1753,Customer_1753,Mumbai,Home Office,2022-04-16
1754,Customer_1754,Hyderabad,Home Office,2022-10-13
1755,Customer_1755,Mumbai,Corporate,2022-07-31
1756,Customer_1756,Delhi,Consumer,2024-07-03
1757,Customer_1757,Mumbai,Home Office,2022-06-26
1758,Customer_1758,Kolkata,Corporate,2023-06-04
1759,Customer_1759,Mumbai,Corporate,2024-06-06
1760,Customer_1760,Kolkata,Consumer,2022-10-06
1761,Customer_1761,Pune,Corporate,2024-02-29
1762,Customer_1762,Chennai,Home Office,2024-02-10
1763,Customer_1763,Bangalore,Consumer,2023-03-16
1764,Customer_1764,Kolkata,Home Office,2023-11-04
1765,Customer_1765,Hyderabad,Home Office,2023-07-06
1766,Customer_1766,Mumbai,Home Office,2023-12-20
1767,Customer_1767,Kolkata,Corporate,2023-07-22
1768,Customer_1768,Hyderabad,Corporate,2023-01-27
1769,Customer_1769,Chennai,Home Office,2024-06-15
1770,Customer_1770,Chennai,Home Office,2022-09-29
1771,Customer_1771,Mumbai,Consumer,2022-05-20
1772,Customer_1772,Delhi,Consumer,2022-03-20
1773,Customer_1773,Mumbai,Corporate,2022-07-01
1774,Customer_1774,Pune,Corporate,2022-08-11
1775,Customer_1775,Kolkata,Consumer,2024-04-23
1776,Customer_1776,Bangalore,Home Office,2022-10-09
1777,Customer_1777,Delhi,Corporate,2024-05-09
1778,Customer_1778,Mumbai,Home Office,2023-11-30
1779,Customer_1779,Hyderabad,Consumer,2022-12-11
1780,Customer_1780,Delhi,Corporate,2024-09-26
1781,Customer_1781,Kolkata,Corporate,2022-01-05
1782,Customer_1782,Delhi,Consumer,2022-05-08
1783,Customer_1783,Kolkata,Corporate,2022-06-25
1784,Customer_1784,Mumbai,Consumer,2022-09-27
1785,Customer_1785,Kolkata,Corporate,2022-09-04
1786,Customer_1786,Delhi,Consumer,2022-09-10
1787,Customer_1787,Hyderabad,Corporate,2022-10-03
1788,Customer_1788,Chennai,Home Office,2022-03-12
1789,Customer_1789,Delhi,Home Office,2022-08-28
1790,Customer_1790,Kolkata,Home Office,2024-06-01
1791,Customer_1791,Chennai,Corporate,2023-11-21
1792,Customer_1792,Kolkata,Corporate,2023-09-30
1793,Customer_1793,Hyderabad,Home Office,2023-10-22
1794,Customer_1794,Kolkata,Home Office,2023-07-19
1795,Customer_1795,Mumbai,Consumer,2022-09-03
1796,Customer_1796,Bangalore,Consumer,2023-05-27
1797,Customer_1797,Delhi,Consumer,2023-11-17
1798,Customer_1798,Bangalore,Home Office,2023-11-30
1799,Customer_1799,Kolkata,Home Office,2024-02-02
1800,Customer_1800,Hyderabad,Home Office,2023-02-10
1801,Customer_1801,Delhi,Consumer,2022-08-18
1802,Customer_1802,Kolkata,Corporate,2024-07-15
1803,Customer_1803,Chennai,Home Office,2024-01-27
1804,Customer_1804,Pune,Corporate,2022-12-16
1805,Customer_1805,Kolkata,Corporate,2024-05-20
1806,Customer_1806,Bangalore,Corporate,2022-01-15
1807,Customer_1807,Delhi,Consumer,2024-01-16
1808,Customer_1808,Bangalore,Corporate,2022-10-31
1809,Customer_1809,Delhi,Home Office,2022-06-29
1810,Customer_1810,Kolkata,Consumer,2022-05-18
1811,Customer_1811,Mumbai,Home Office,2022-01-17
1812,Customer_1812,Chennai,Home Office,2023-07-08
1813,Customer_1813,Kolkata,Consumer,2024-01-10
1814,Customer_1814,Bangalore,Home Office,2022-04-01
1815,Customer_1815,Pune,Home Office,2023-01-16
1816,Customer_1816,Pune,Consumer,2022-10-09
1817,Customer_1817,Hyderabad,Home Office,2023-12-23
1818,Customer_1818,Delhi,Corporate,2023-08-10
1819,Customer_1819,Bangalore,Home Office,2023-03-15
1820,Customer_1820,Hyderabad,Corporate,2023-05-30
1821,Customer_1821,Bangalore,Home Office,2023-10-28
1822,Customer_1822,Delhi,Consumer,2023-10-24
1823,Customer_1823,Kolkata,Consumer,2023-03-15
1824,Customer_1824,Kolkata,Home Office,2022-09-17
1825,Customer_1825,Pune,Consumer,2023-09-15
1826,Customer_1826,Kolkata,Home Office,2022-10-31
1827,Customer_1827,Kolkata,Consumer,2022-03-20
1828,Customer_1828,Mumbai,Corporate,2023-05-13
1829,Customer_1829,Pune,Home Office,2023-08-11
1830,Customer_1830,Hyderabad,Corporate,2022-10-22
1831,Customer_1831,Chennai,Corporate,2023-09-29
1832,Customer_1832,Mumbai,Home Office,2024-06-23
1833,Customer_1833,Hyderabad,Corporate,2024-01-14
1834,Customer_1834,Delhi,Home Office,2022-10-29
1835,Customer_1835,Mumbai,Corporate,2022-11-28
1836,Customer_1836,Hyderabad,Home Office,2022-10-27
1837,Customer_1837,Delhi,Home Office,2022-01-18
1838,Customer_1838,Pune,Consumer,2024-08-31
1839,Customer_1839,Chennai,Home Office,2023-08-11
1840,Customer_1840,Delhi,Home Office,2023-09-04
1841,Customer_1841,Kolkata,Corporate,2022-01-30
1842,Customer_1842,Bangalore,Home Office,2022-10-05
1843,Customer_1843,Delhi,Consumer,2022-02-06
1844,Customer_1844,Delhi,Corporate,2022-09-07
1845,Customer_1845,Chennai,Corporate,2022-07-07
1846,Customer_1846,Bangalore,Consumer,2022-08-11
1847,Customer_1847,Kolkata,Corporate,2022-11-16
1848,Customer_1848,Hyderabad,Corporate,2023-01-15
1849,Customer_1849,Hyderabad,Corporate,2022-10-18
1850,Customer_1850,Delhi,Corporate,2022-08-17
1851,Customer_1851,Bangalore,Consumer,2023-12-23
1852,Customer_1852,Bangalore,Consumer,2024-09-14
1853,Customer_1853,Kolkata,Corporate,2022-09-27
1854,Customer_1854,Chennai,Corporate,2022-10-12
1855,Customer_1855,Pune,Consumer,2023-06-08
1856,Customer_1856,Hyderabad,Consumer,2022-05-25
1857,Customer_1857,Chennai,Consumer,2022-04-30
1858,Customer_1858,Mumbai,Corporate,2022-05-01
1859,Customer_1859,Hyderabad,Corporate,2022-09-15
1860,Customer_1860,Chennai,Home Office,2022-02-20
1861,Customer_1861,Hyderabad,Consumer,2024-04-16
1862,Customer_1862,Pune,Corporate,2024-01-01
1863,Customer_1863,Mumbai,Consumer,2022-10-16
1864,Customer_1864,Pune,Corporate,2023-12-14
1865,Customer_1865,Kolkata,Consumer,2024-03-03
1866,Customer_1866,Mumbai,Corporate,2023-06-11
1867,Customer_1867,Delhi,Home Office,2022-01-03
1868,Customer_1868,Chennai,Home Office,2023-01-01
1869,Customer_1869,Mumbai,Consumer,2024-08-15
1870,Customer_1870,Kolkata,Corporate,2022-05-30
1871,Customer_1871,Kolkata,Corporate,2024-02-24
1872,Customer_1872,Pune,Consumer,2022-04-02
1873,Customer_1873,Hyderabad,Corporate,2024-06-04
1874,Customer_1874,Mumbai,Consumer,2023-04-15
1875,Customer_1875,Chennai,Corporate,2023-12-26
1876,Customer_1876,Mumbai,Consumer,2022-05-04
1877,Customer_1877,Bangalore,Corporate,2022-05-08
1878,Customer_1878,Hyderabad,Consumer,2024-03-11
1879,Customer_1879,Chennai,Corporate,2022-07-16
1880,Customer_1880,Chennai,Home Office,2023-07-31
1881,Customer_1881,Delhi,Corporate,2023-09-11
1882,Customer_1882,Pune,Consumer,2023-02-16
1883,Customer_1883,Delhi,Home Office,2023-04-17
1884,Customer_1884,Chennai,Corporate,2022-02-14
1885,Customer_1885,Hyderabad,Home Office,2024-01-17
1886,Customer_1886,Mumbai,Corporate,2023-09-22
1887,Customer_1887,Mumbai,Home Office,2022-05-21
1888,Customer_1888,Hyderabad,Consumer,2023-07-03
1889,Customer_1889,Chennai,Corporate,2022-09-24
1890,Customer_1890,Kolkata,Corporate,2022-05-23
1891,Customer_1891,Mumbai,Consumer,2023-04-01
1892,Customer_1892,Kolkata,Home Office,2023-04-19
1893,Customer_1893,Mumbai,Consumer,2024-06-21
1894,Customer_1894,Mumbai,Consumer,2024-08-18
1895,Customer_1895,Pune,Home Office,2023-10-11
1896,Customer_1896,Pune,Consumer,2022-03-25
1897,Customer_1897,Bangalore,Corporate,2023-09-22
1898,Customer_1898,Delhi,Corporate,2023-06-18
1899,Customer_1899,Hyderabad,Corporate,2022-08-04
1900,Customer_1900,Hyderabad,Consumer,2022-01-22
1901,Customer_1901,Hyderabad,Corporate,2023-03-10
1902,Customer_1902,Bangalore,Corporate,2024-02-19
1903,Customer_1903,Pune,Corporate,2024-08-04
1904,Customer_1904,Chennai,Corporate,2023-06-24
1905,Customer_1905,Kolkata,Corporate,2022-03-22
1906,Customer_1906,Kolkata,Corporate,2024-07-02
1907,Customer_1907,Chennai,Consumer,2022-06-28
1908,Customer_1908,Bangalore,Corporate,2022-06-27
1909,Customer_1909,Chennai,Corporate,2023-01-13
1910,Customer_1910,Hyderabad,Home Office,2022-03-27
1911,Customer_1911,Delhi,Consumer,2024-05-11
1912,Customer_1912,Mumbai,Consumer,2024-06-22
1913,Customer_1913,Kolkata,Consumer,2022-03-22
1914,Customer_1914,Pune,Consumer,2023-11-20
1915,Customer_1915,Pune,Corporate,2022-08-20
1916,Customer_1916,Bangalore,Corporate,2022-11-25
1917,Customer_1917,Pune,Home Office,2023-01-07
1918,Customer_1918,Hyderabad,Home Office,2022-10-02
1919,Customer_1919,Kolkata,Consumer,2022-12-09
1920,Customer_1920,Chennai,Home Office,2024-06-29
1921,Customer_1921,Hyderabad,Home Office,2023-12-22
1922,Customer_1922,Bangalore,Consumer,2023-02-12
1923,Customer_1923,Hyderabad,Consumer,2023-01-07
1924,Customer_1924,Chennai,Home Office,2024-06-13
1925,Customer_1925,Delhi,Corporate,2023-09-17
1926,Customer_1926,Bangalore,Home Office,2024-01-29
1927,Customer_1927,Delhi,Home Office,2022-03-22
1928,Customer_1928,Mumbai,Corporate,2023-07-09
1929,Customer_1929,Delhi,Corporate,2024-06-08
1930,Customer_1930,Mumbai,Consumer,2023-04-28
1931,Customer_1931,Mumbai,Consumer,2022-09-22
1932,Customer_1932,Delhi,Home Office,2023-10-28
1933,Customer_1933,Bangalore,Corporate,2023-02-23
1934,Customer_1934,Chennai,Consumer,2023-07-27
1935,Customer_1935,Hyderabad,Home Office,2023-10-20
1936,Customer_1936,Hyderabad,Corporate,2024-05-06
1937,Customer_1937,Chennai,Home Office,2023-05-08
1938,Customer_1938,Kolkata,Consumer,2022-09-25
1939,Customer_1939,Kolkata,Consumer,2024-07-08
1940,Customer_1940,Mumbai,Corporate,2024-09-07
1941,Customer_1941,Mumbai,Home Office,2022-01-10
1942,Customer_1942,Bangalore,Corporate,2024-05-03
1943,Customer_1943,Pune,Consumer,2023-05-20
1944,Customer_1944,Delhi,Consumer,2024-09-22
1945,Customer_1945,Mumbai,Home Office,2023-09-20
1946,Customer_1946,Hyderabad,Home Office,2023-10-05
1947,Customer_1947,Bangalore,Home Office,2022-01-15
1948,Customer_1948,Delhi,Corporate,2022-09-01
1949,Customer_1949,Bangalore,Home Office,2024-03-04
1950,Customer_1950,Delhi,Home Office,2023-12-01
1951,Customer_1951,Delhi,Consumer,2023-01-11
1952,Customer_1952,Chennai,Consumer,2024-08-29
1953,Customer_1953,Mumbai,Home Office,2024-02-23
1954,Customer_1954,Bangalore,Home Office,2022-04-30
1955,Customer_1955,Bangalore,Consumer,2024-01-02
1956,Customer_1956,Chennai,Home Office,2022-07-29
1957,Customer_1957,Hyderabad,Corporate,2022-10-05
1958,Customer_1958,Hyderabad,Corporate,2023-10-04
1959,Customer_1959,Kolkata,Corporate,2023-11-28
1960,Customer_1960,Mumbai,Home Office,2022-10-07
1961,Customer_1961,Mumbai,Consumer,2022-06-09
1962,Customer_1962,Pune,Home Office,2022-02-28
1963,Customer_1963,Chennai,Home Office,2023-10-15
1964,Customer_1964,Hyderabad,Consumer,2023-07-03
1965,Customer_1965,Delhi,Consumer,2023-06-20
1966,Customer_1966,Bangalore,Consumer,2023-02-12
1967,Customer_1967,Mumbai,Corporate,2022-05-31
1968,Customer_1968,Bangalore,Home Office,2022-06-06
1969,Customer_1969,Bangalore,Consumer,2023-02-13
1970,Customer_1970,Pune,Home Office,2024-03-21
1971,Customer_1971,Hyderabad,Corporate,2023-01-20
1972,Customer_1972,Mumbai,Corporate,2022-11-17
1973,Customer_1973,Bangalore,Consumer,2023-05-24
1974,Customer_1974,Mumbai,Consumer,2023-06-02
1975,Customer_1975,Delhi,Home Office,2022-09-15
1976,Customer_1976,Pune,Consumer,2023-06-13
1977,Customer_1977,Delhi,Home Office,2022-06-15
1978,Customer_1978,Mumbai,Consumer,2023-05-15
1979,Customer_1979,Kolkata,Home Office,2024-05-20
1980,Customer_1980,Mumbai,Home Office,2022-09-05
1981,Customer_1981,Hyderabad,Home Office,2023-01-09
1982,Customer_1982,Bangalore,Home Office,2024-06-18
1983,Customer_1983,Bangalore,Corporate,2023-09-29
1984,Customer_1984,Delhi,Home Office,2024-07-10
1985,Customer_1985,Pune,Consumer,2024-08-18
1986,Customer_1986,Kolkata,Corporate,2024-03-27
1987,Customer_1987,Chennai,Corporate,2024-04-14
1988,Customer_1988,Bangalore,Home Office,2022-12-31
1989,Customer_1989,Hyderabad,Corporate,2023-11-09
1990,Customer_1990,Delhi,Home Office,2023-03-25
1991,Customer_1991,Delhi,Consumer,2022-08-17
1992,Customer_1992,Chennai,Home Office,2024-07-16
1993,Customer_1993,Hyderabad,Corporate,2024-06-20
1994,Customer_1994,Pune,Consumer,2023-11-02
1995,Customer_1995,Hyderabad,Home Office,2023-01-20
1996,Customer_1996,Pune,Consumer,2022-06-11
1997,Customer_1997,Hyderabad,Consumer,2022-05-28
1998,Customer_1998,Hyderabad,Corporate,2023-01-22
1999,Customer_1999,Mumbai,Consumer,2022-07-24
2000,Customer_2000,Delhi,Corporate,2024-03-25
2001,Customer_2001,Hyderabad,Consumer,2022-02-01
2002,Customer_2002,Chennai,Home Office,2023-04-06
2003,Customer_2003,Hyderabad,Consumer,2024-02-02
2004,Customer_2004,Bangalore,Home Office,2024-07-19
2005,Customer_2005,Delhi,Home Office,2022-07-06
2006,Customer_2006,Bangalore,Consumer,2024-05-06
2007,Customer_2007,Delhi,Home Office,2023-05-18
2008,Customer_2008,Bangalore,Consumer,2022-09-09
2009,Customer_2009,Hyderabad,Consumer,2024-07-27
2010,Customer_2010,Hyderabad,Home Office,2024-07-04
2011,Customer_2011,Mumbai,Home Office,2023-11-27
2012,Customer_2012,Chennai,Corporate,2023-04-04
2013,Customer_2013,Bangalore,Home Office,2023-12-22
2014,Customer_2014,Pune,Corporate,2023-05-10
2015,Customer_2015,Mumbai,Home Office,2024-09-12
2016,Customer_2016,Bangalore,Consumer,2022-06-14
2017,Customer_2017,Bangalore,Home Office,2024-08-06
2018,Customer_2018,Mumbai,Consumer,2024-04-20
2019,Customer_2019,Hyderabad,Consumer,2023-10-22
2020,Customer_2020,Bangalore,Consumer,2022-10-16
2021,Customer_2021,Hyderabad,Corporate,2023-06-07
2022,Customer_2022,Mumbai,Home Office,2024-01-06
2023,Customer_2023,Hyderabad,Consumer,2023-09-02
2024,Customer_2024,Delhi,Consumer,2023-11-09
2025,Customer_2025,Pune,Corporate,2022-08-29
2026,Customer_2026,Kolkata,Home Office,2022-01-26
2027,Customer_2027,Bangalore,Home Office,2023-01-04
2028,Customer_2028,Chennai,Corporate,2023-06-04
2029,Customer_2029,Pune,Corporate,2022-11-07
2030,Customer_2030,Kolkata,Home Office,2022-02-21
2031,Customer_2031,Hyderabad,Corporate,2022-11-02
2032,Customer_2032,Bangalore,Home Office,2024-06-19
2033,Customer_2033,Hyderabad,Home Office,2022-06-10
2034,Customer_2034,Delhi,Consumer,2024-01-11
2035,Customer_2035,Mumbai,Consumer,2023-11-06
2036,Customer_2036,Bangalore,Home Office,2022-07-10
2037,Customer_2037,Kolkata,Home Office,2023-07-24
2038,Customer_2038,Kolkata,Home Office,2024-03-04
2039,Customer_2039,Delhi,Home Office,2022-04-15
2040,Customer_2040,Delhi,Home Office,2022-12-08
2041,Customer_2041,Bangalore,Home Office,2022-08-10
2042,Customer_2042,Hyderabad,Corporate,2024-03-21
2043,Customer_2043,Chennai,Home Office,2022-04-18
2044,Customer_2044,Kolkata,Corporate,2023-02-02
2045,Customer_2045,Kolkata,Corporate,2024-06-05
2046,Customer_2046,Delhi,Home Office,2024-01-07
2047,Customer_2047,Pune,Home Office,2024-01-23
2048,Customer_2048,Delhi,Corporate,2024-04-27
2049,Customer_2049,Chennai,Corporate,2022-09-15
2050,Customer_2050,Hyderabad,Home Office,2023-01-28
2051,Customer_2051,Hyderabad,Home Office,2022-02-07
2052,Customer_2052,Pune,Corporate,2022-10-11
2053,Customer_2053,Kolkata,Corporate,2022-02-22
2054,Customer_2054,Delhi,Corporate,2022-12-01
2055,Customer_2055,Hyderabad,Consumer,2022-06-01
2056,Customer_2056,Chennai,Corporate,2023-01-27
2057,Customer_2057,Bangalore,Consumer,2022-02-16
2058,Customer_2058,Mumbai,Home Office,2023-11-23
2059,Customer_2059,Mumbai,Home Office,2023-05-07
2060,Customer_2060,Mumbai,Corporate,2023-07-13
2061,Customer_2061,Kolkata,Home Office,2023-06-10
2062,Customer_2062,Delhi,Home Office,2023-07-06
2063,Customer_2063,Pune,Home Office,2024-05-29
2064,Customer_2064,Hyderabad,Home Office,2023-01-25
2065,Customer_2065,Bangalore,Consumer,2023-11-28
2066,Customer_2066,Chennai,Consumer,2023-08-28
2067,Customer_2067,Bangalore,Corporate,2024-03-29
2068,Customer_2068,Chennai,Corporate,2022-11-28
2069,Customer_2069,Kolkata,Corporate,2023-06-05
2070,Customer_2070,Delhi,Home Office,2022-03-28
2071,Customer_2071,Mumbai,Home Office,2022-11-10
2072,Customer_2072,Delhi,Consumer,2022-05-05
2073,Customer_2073,Kolkata,Consumer,2022-06-30
2074,Customer_2074,Pune,Corporate,2024-07-15
2075,Customer_2075,Pune,Consumer,2023-07-07
2076,Customer_2076,Kolkata,Consumer,2022-01-27
2077,Customer_2077,Chennai,Consumer,2022-12-08
2078,Customer_2078,Hyderabad,Consumer,2023-01-09
2079,Customer_2079,Hyderabad,Consumer,2022-12-26
2080,Customer_2080,Chennai,Corporate,2023-10-18
2081,Customer_2081,Pune,Corporate,2022-06-29
2082,Customer_2082,Pune,Consumer,2023-02-06
2083,Customer_2083,Pune,Corporate,2023-03-21
2084,Customer_2084,Delhi,Home Office,2023-04-13
2085,Customer_2085,Pune,Consumer,2022-11-02
2086,Customer_2086,Bangalore,Home Office,2022-07-14
2087,Customer_2087,Mumbai,Corporate,2024-04-24
2088,Customer_2088,Pune,Corporate,2022-08-05
2089,Customer_2089,Chennai,Home Office,2023-03-16
2090,Customer_2090,Mumbai,Corporate,2023-03-15
2091,Customer_2091,Delhi,Consumer,2024-07-05
2092,Customer_2092,Chennai,Home Office,2024-07-18
2093,Customer_2093,Mumbai,Consumer,2023-03-18
2094,Customer_2094,Chennai,Home Office,2024-08-05
2095,Customer_2095,Delhi,Corporate,2024-01-01
2096,Customer_2096,Bangalore,Home Office,2023-01-17
2097,Customer_2097,Delhi,Home Office,2024-01-10
2098,Customer_2098,Delhi,Consumer,2022-07-07
2099,Customer_2099,Chennai,Corporate,2023-07-28
2100,Customer_2100,Kolkata,Consumer,2022-04-11
2101,Customer_2101,Hyderabad,Corporate,2022-06-06
2102,Customer_2102,Pune,Consumer,2023-03-14
2103,Customer_2103,Pune,Home Office,2023-06-15
2104,Customer_2104,Bangalore,Consumer,2022-03-05
2105,Customer_2105,Bangalore,Corporate,2023-10-16
2106,Customer_2106,Pune,Corporate,2022-05-24
2107,Customer_2107,Hyderabad,Home Office,2023-01-15
2108,Customer_2108,Pune,Corporate,2023-04-04
2109,Customer_2109,Kolkata,Consumer,2024-01-10
2110,Customer_2110,Hyderabad,Home Office,2023-11-19
2111,Customer_2111,Bangalore,Corporate,2024-03-07
2112,Customer_2112,Mumbai,Corporate,2024-05-13
2113,Customer_2113,Chennai,Consumer,2022-01-12
2114,Customer_2114,Kolkata,Consumer,2022-06-09
2115,Customer_2115,Kolkata,Home Office,2022-09-02
2116,Customer_2116,Bangalore,Corporate,2022-08-07
2117,Customer_2117,Bangalore,Consumer,2024-06-04
2118,Customer_2118,Delhi,Home Office,2022-01-12
2119,Customer_2119,Kolkata,Corporate,2024-04-10
2120,Customer_2120,Delhi,Corporate,2024-04-16
2121,Customer_2121,Delhi,Home Office,2024-02-21
2122,Customer_2122,Chennai,Home Office,2022-01-26
2123,Customer_2123,Delhi,Consumer,2023-06-02
2124,Customer_2124,Hyderabad,Corporate,2022-09-11
2125,Customer_2125,Pune,Corporate,2023-12-18
2126,Customer_2126,Mumbai,Corporate,2023-10-14
2127,Customer_2127,Bangalore,Home Office,2023-04-30
2128,Customer_2128,Hyderabad,Consumer,2024-09-08
2129,Customer_2129,Mumbai,Corporate,2024-02-14
2130,Customer_2130,Kolkata,Home Office,2024-07-03
2131,Customer_2131,Kolkata,Corporate,2023-01-10
2132,Customer_2132,Kolkata,Consumer,2024-05-31
2133,Customer_2133,Hyderabad,Corporate,2022-04-09
2134,Customer_2134,Hyderabad,Consumer,2024-09-19
2135,Customer_2135,Bangalore,Consumer,2022-04-06
2136,Customer_2136,Pune,Corporate,2022-05-04
2137,Customer_2137,Delhi,Corporate,2022-09-19
2138,Customer_2138,Kolkata,Consumer,2024-07-05
2139,Customer_2139,Chennai,Home Office,2024-03-28
2140,Customer_2140,Pune,Consumer,2023-07-23
2141,Customer_2141,Chennai,Corporate,2022-07-07
2142,Customer_2142,Bangalore,Corporate,2024-08-01
2143,Customer_2143,Bangalore,Home Office,2023-11-17
2144,Customer_2144,Bangalore,Consumer,2024-04-22
2145,Customer_2145,Mumbai,Consumer,2023-09-19
2146,Customer_2146,Chennai,Consumer,2024-02-11
2147,Customer_2147,Pune,Corporate,2024-07-10
2148,Customer_2148,Pune,Consumer,2023-04-08
2149,Customer_2149,Hyderabad,Home Office,2022-07-01
2150,Customer_2150,Hyderabad,Corporate,2022-05-06
2151,Customer_2151,Kolkata,Corporate,2023-07-30
2152,Customer_2152,Hyderabad,Consumer,2022-05-03
2153,Customer_2153,Bangalore,Home Office,2023-07-09
2154,Customer_2154,Pune,Corporate,2022-03-09
2155,Customer_2155,Chennai,Corporate,2022-08-30
2156,Customer_2156,Bangalore,Consumer,2023-09-30
2157,Customer_2157,Mumbai,Consumer,2024-09-13
2158,Customer_2158,Hyderabad,Home Office,2023-04-21
2159,Customer_2159,Bangalore,Consumer,2024-04-16
2160,Customer_2160,Bangalore,Home Office,2023-05-31
2161,Customer_2161,Mumbai,Corporate,2023-06-24
2162,Customer_2162,Delhi,Home Office,2022-09-01
2163,Customer_2163,Pune,Home Office,2023-04-13
2164,Customer_2164,Chennai,Home Office,2024-09-10
2165,Customer_2165,Kolkata,Corporate,2023-11-16
2166,Customer_2166,Delhi,Consumer,2022-07-20
2167,Customer_2167,Hyderabad,Corporate,2024-01-28
2168,Customer_2168,Bangalore,Consumer,2024-03-05
2169,Customer_2169,Mumbai,Home Office,2024-04-03
2170,Customer_2170,Mumbai,Home Office,2024-05-01
2171,Customer_2171,Pune,Home Office,2023-11-08
2172,Customer_2172,Delhi,Home Office,2024-08-16
2173,Customer_2173,Kolkata,Home Office,2022-09-18
2174,Customer_2174,Pune,Consumer,2022-09-20
2175,Customer_2175,Bangalore,Consumer,2024-08-27
2176,Customer_2176,Pune,Home Office,2023-05-03
2177,Customer_2177,Chennai,Corporate,2023-01-05
2178,Customer_2178,Mumbai,Corporate,2024-02-11
2179,Customer_2179,Mumbai,Home Office,2022-06-20
2180,Customer_2180,Hyderabad,Consumer,2023-05-05
2181,Customer_2181,Hyderabad,Corporate,2022-04-14
2182,Customer_2182,Kolkata,Corporate,2022-12-21
2183,Customer_2183,Bangalore,Corporate,2024-09-20
2184,Customer_2184,Chennai,Home Office,2022-01-16
2185,Customer_2185,Delhi,Corporate,2023-04-24
2186,Customer_2186,Pune,Corporate,2022-02-23
2187,Customer_2187,Kolkata,Corporate,2023-07-17
2188,Customer_2188,Bangalore,Corporate,2024-07-15
2189,Customer_2189,Hyderabad,Consumer,2023-07-21
2190,Customer_2190,Pune,Home Office,2023-08-27
2191,Customer_2191,Hyderabad,Home Office,2022-12-05
2192,Customer_2192,Pune,Consumer,2022-11-29
2193,Customer_2193,Delhi,Consumer,2022-10-02
2194,Customer_2194,Bangalore,Home Office,2024-05-10
2195,Customer_2195,Pune,Corporate,2024-01-23
2196,Customer_2196,Chennai,Corporate,2024-08-07
2197,Customer_2197,Kolkata,Home Office,2024-01-05
2198,Customer_2198,Mumbai,Corporate,2023-12-04
2199,Customer_2199,Chennai,Consumer,2023-03-16
2200,Customer_2200,Chennai,Corporate,2023-09-25
2201,Customer_2201,Kolkata,Corporate,2023-02-10
2202,Customer_2202,Mumbai,Corporate,2023-04-20
2203,Customer_2203,Chennai,Home Office,2023-12-10
2204,Customer_2204,Pune,Consumer,2023-09-06
2205,Customer_2205,Pune,Corporate,2022-04-27
2206,Customer_2206,Pune,Home Office,2023-06-06
2207,Customer_2207,Mumbai,Corporate,2024-03-28
2208,Customer_2208,Chennai,Consumer,2024-04-12
2209,Customer_2209,Mumbai,Corporate,2023-04-25
2210,Customer_2210,Pune,Consumer,2024-06-06
2211,Customer_2211,Kolkata,Corporate,2024-08-18
2212,Customer_2212,Chennai,Consumer,2022-11-19
2213,Customer_2213,Chennai,Corporate,2022-03-22
2214,Customer_2214,Hyderabad,Consumer,2023-11-20
2215,Customer_2215,Hyderabad,Corporate,2024-07-16
2216,Customer_2216,Delhi,Corporate,2022-10-08
2217,Customer_2217,Bangalore,Home Office,2022-05-14
2218,Customer_2218,Hyderabad,Home Office,2023-01-30
2219,Customer_2219,Mumbai,Consumer,2023-06-04
2220,Customer_2220,Hyderabad,Corporate,2022-04-06
2221,Customer_2221,Delhi,Consumer,2022-01-22
2222,Customer_2222,Chennai,Home Office,2024-02-19
2223,Customer_2223,Delhi,Consumer,2023-12-04
2224,Customer_2224,Chennai,Consumer,2023-03-28
2225,Customer_2225,Kolkata,Home Office,2023-12-27
2226,Customer_2226,Kolkata,Corporate,2024-03-17
2227,Customer_2227,Chennai,Consumer,2024-04-05
2228,Customer_2228,Bangalore,Home Office,2023-04-13
2229,Customer_2229,Hyderabad,Corporate,2022-12-24
2230,Customer_2230,Mumbai,Home Office,2022-04-23
2231,Customer_2231,Mumbai,Consumer,2023-03-22
2232,Customer_2232,Pune,Corporate,2023-05-23
2233,Customer_2233,Chennai,Corporate,2023-08-14
2234,Customer_2234,Mumbai,Home Office,2022-01-05
2235,Customer_2235,Bangalore,Home Office,2023-09-18
2236,Customer_2236,Chennai,Home Office,2023-12-21
2237,Customer_2237,Bangalore,Corporate,2023-02-18
2238,Customer_2238,Mumbai,Corporate,2022-03-05
2239,Customer_2239,Mumbai,Consumer,2023-05-10
2240,Customer_2240,Pune,Corporate,2024-02-24
2241,Customer_2241,Mumbai,Consumer,2022-05-01
2242,Customer_2242,Chennai,Home Office,2024-03-30
2243,Customer_2243,Kolkata,Home Office,2024-05-21
2244,Customer_2244,Chennai,Corporate,2022-10-09
2245,Customer_2245,Chennai,Home Office,2023-02-02
2246,Customer_2246,Pune,Home Office,2024-07-04
2247,Customer_2247,Pune,Corporate,2023-06-17
2248,Customer_2248,Mumbai,Consumer,2024-06-16
2249,Customer_2249,Delhi,Corporate,2023-01-25
2250,Customer_2250,Delhi,Consumer,2024-01-28
2251,Customer_2251,Pune,Corporate,2023-11-06
2252,Customer_2252,Mumbai,Corporate,2023-09-03
2253,Customer_2253,Delhi,Home Office,2024-05-26
2254,Customer_2254,Mumbai,Corporate,2024-09-23
2255,Customer_2255,Mumbai,Corporate,2023-07-06
2256,Customer_2256,Mumbai,Consumer,2022-02-03
2257,Customer_2257,Hyderabad,Home Office,2022-02-08
2258,Customer_2258,Chennai,Consumer,2022-11-23
2259,Customer_2259,Mumbai,Consumer,2024-04-27
2260,Customer_2260,Hyderabad,Home Office,2024-02-16
2261,Customer_2261,Pune,Home Office,2022-03-11
2262,Customer_2262,Delhi,Home Office,2024-09-12
2263,Customer_2263,Chennai,Corporate,2022-07-09
2264,Customer_2264,Kolkata,Home Office,2022-09-05
2265,Customer_2265,Delhi,Home Office,2024-02-03
2266,Customer_2266,Chennai,Home Office,2023-07-13
2267,Customer_2267,Kolkata,Consumer,2022-08-21
2268,Customer_2268,Delhi,Consumer,2023-02-03
2269,Customer_2269,Chennai,Corporate,2022-03-15
2270,Customer_2270,Delhi,Consumer,2024-09-15
2271,Customer_2271,Delhi,Corporate,2024-05-26
2272,Customer_2272,Kolkata,Consumer,2023-08-26
2273,Customer_2273,Delhi,Home Office,2022-01-30
2274,Customer_2274,Delhi,Consumer,2022-12-02
2275,Customer_2275,Kolkata,Corporate,2022-04-05
2276,Customer_2276,Pune,Consumer,2024-01-25
2277,Customer_2277,Mumbai,Home Office,2023-10-18
2278,Customer_2278,Bangalore,Corporate,2022-10-16
2279,Customer_2279,Hyderabad,Home Office,2023-04-23
2280,Customer_2280,Bangalore,Home Office,2022-01-29
2281,Customer_2281,Bangalore,Corporate,2024-04-27
2282,Customer_2282,Chennai,Home Office,2023-06-23
2283,Customer_2283,Mumbai,Home Office,2024-03-26
2284,Customer_2284,Chennai,Consumer,2023-10-19
2285,Customer_2285,Mumbai,Home Office,2022-01-11
2286,Customer_2286,Kolkata,Home Office,2024-09-15
2287,Customer_2287,Kolkata,Home Office,2023-07-24
2288,Customer_2288,Mumbai,Home Office,2023-02-12
2289,Customer_2289,Delhi,Corporate,2022-01-09
2290,Customer_2290,Pune,Consumer,2024-07-08
2291,Customer_2291,Delhi,Home Office,2024-03-02
2292,Customer_2292,Pune,Home Office,2022-09-14
2293,Customer_2293,Chennai,Corporate,2022-10-30
2294,Customer_2294,Pune,Home Office,2022-03-06
2295,Customer_2295,Chennai,Corporate,2022-01-09
2296,Customer_2296,Kolkata,Consumer,2023-02-08
2297,Customer_2297,Bangalore,Consumer,2024-01-28
2298,Customer_2298,Kolkata,Home Office,2024-06-04
2299,Customer_2299,Kolkata,Home Office,2024-07-27
2300,Customer_2300,Bangalore,Home Office,2022-04-26
2301,Customer_2301,Pune,Corporate,2023-11-22
2302,Customer_2302,Pune,Home Office,2022-06-21
2303,Customer_2303,Chennai,Home Office,2024-04-16
2304,Customer_2304,Delhi,Consumer,2023-06-01
2305,Customer_2305,Chennai,Home Office,2024-08-22
2306,Customer_2306,Delhi,Consumer,2024-07-28
2307,Customer_2307,Kolkata,Home Office,2023-01-09
2308,Customer_2308,Bangalore,Consumer,2022-10-21
2309,Customer_2309,Kolkata,Home Office,2024-04-20
2310,Customer_2310,Mumbai,Consumer,2024-09-14
2311,Customer_2311,Pune,Corporate,2023-07-07
2312,Customer_2312,Delhi,Consumer,2024-05-25
2313,Customer_2313,Chennai,Consumer,2023-10-03
2314,Customer_2314,Bangalore,Consumer,2022-01-08
2315,Customer_2315,Delhi,Home Office,2023-08-16
2316,Customer_2316,Chennai,Home Office,2022-09-01
2317,Customer_2317,Pune,Home Office,2023-12-29
2318,Customer_2318,Kolkata,Corporate,2022-11-20
2319,Customer_2319,Pune,Corporate,2024-08-14
2320,Customer_2320,Hyderabad,Consumer,2023-07-11
2321,Customer_2321,Mumbai,Corporate,2023-10-12
2322,Customer_2322,Hyderabad,Consumer,2023-01-09
2323,Customer_2323,Bangalore,Consumer,2024-07-02
2324,Customer_2324,Delhi,Consumer,2022-02-14
2325,Customer_2325,Bangalore,Corporate,2024-02-17
2326,Customer_2326,Kolkata,Home Office,2022-11-23
2327,Customer_2327,Chennai,Corporate,2024-06-25
2328,Customer_2328,Pune,Consumer,2023-07-25
2329,Customer_2329,Hyderabad,Consumer,2023-08-11
2330,Customer_2330,Hyderabad,Corporate,2023-04-30
2331,Customer_2331,Kolkata,Consumer,2024-07-16
2332,Customer_2332,Hyderabad,Consumer,2022-07-25
2333,Customer_2333,Kolkata,Corporate,2022-02-07
2334,Customer_2334,Bangalore,Corporate,2023-12-13
2335,Customer_2335,Pune,Corporate,2023-03-11
2336,Customer_2336,Delhi,Consumer,2023-01-22
2337,Customer_2337,Chennai,Consumer,2022-06-12
2338,Customer_2338,Delhi,Home Office,2023-07-13
2339,Customer_2339,Bangalore,Home Office,2022-04-13
2340,Customer_2340,Chennai,Corporate,2022-11-25
2341,Customer_2341,Hyderabad,Home Office,2022-06-01
2342,Customer_2342,Mumbai,Consumer,2024-03-30
2343,Customer_2343,Bangalore,Home Office,2023-04-05
2344,Customer_2344,Bangalore,Consumer,2022-02-15
2345,Customer_2345,Pune,Corporate,2022-12-11
2346,Customer_2346,Delhi,Corporate,2023-10-03
2347,Customer_2347,Bangalore,Consumer,2024-02-01
2348,Customer_2348,Bangalore,Home Office,2023-12-15
2349,Customer_2349,Hyderabad,Corporate,2022-11-09
2350,Customer_2350,Hyderabad,Corporate,2024-09-14
2351,Customer_2351,Chennai,Home Office,2024-02-11
2352,Customer_2352,Kolkata,Home Office,2024-01-19
2353,Customer_2353,Kolkata,Consumer,2022-07-08
2354,Customer_2354,Mumbai,Home Office,2022-07-08
2355,Customer_2355,Kolkata,Home Office,2022-11-23
2356,Customer_2356,Pune,Home Office,2024-04-23
2357,Customer_2357,Mumbai,Consumer,2022-01-28
2358,Customer_2358,Chennai,Consumer,2022-06-27
2359,Customer_2359,Hyderabad,Corporate,2023-11-05
2360,Customer_2360,Kolkata,Consumer,2023-07-20
2361,Customer_2361,Delhi,Corporate,2023-07-21
2362,Customer_2362,Hyderabad,Home Office,2022-05-30
2363,Customer_2363,Pune,Corporate,2023-03-16
2364,Customer_2364,Hyderabad,Corporate,2024-06-06
2365,Customer_2365,Pune,Home Office,2024-01-09
2366,Customer_2366,Pune,Corporate,2023-10-04
2367,Customer_2367,Pune,Consumer,2024-06-25
2368,Customer_2368,Chennai,Consumer,2023-06-08
2369,Customer_2369,Pune,Consumer,2024-06-30
2370,Customer_2370,Pune,Consumer,2023-02-22
2371,Customer_2371,Delhi,Corporate,2023-05-25
2372,Customer_2372,Mumbai,Corporate,2023-09-15
2373,Customer_2373,Bangalore,Home Office,2022-03-18
2374,Customer_2374,Mumbai,Corporate,2023-04-05
2375,Customer_2375,Pune,Corporate,2022-02-11
2376,Customer_2376,Delhi,Corporate,2024-09-06
2377,Customer_2377,Hyderabad,Home Office,2022-04-22
2378,Customer_2378,Delhi,Consumer,2022-05-20
2379,Customer_2379,Pune,Corporate,2023-05-21
2380,Customer_2380,Delhi,Home Office,2022-09-24
2381,Customer_2381,Kolkata,Home Office,2023-10-03
2382,Customer_2382,Delhi,Home Office,2022-04-29
2383,Customer_2383,Pune,Consumer,2023-02-17
2384,Customer_2384,Chennai,Corporate,2024-05-31
2385,Customer_2385,Kolkata,Home Office,2022-03-22
2386,Customer_2386,Delhi,Consumer,2022-09-02
2387,Customer_2387,Bangalore,Home Office,2024-02-06
2388,Customer_2388,Bangalore,Home Office,2024-08-22
2389,Customer_2389,Delhi,Home Office,2024-07-18
2390,Customer_2390,Chennai,Home Office,2023-02-26
2391,Customer_2391,Hyderabad,Home Office,2023-07-06
2392,Customer_2392,Pune,Consumer,2023-04-22
2393,Customer_2393,Bangalore,Corporate,2024-04-28
2394,Customer_2394,Hyderabad,Corporate,2023-07-28
2395,Customer_2395,Delhi,Corporate,2022-04-04
2396,Customer_2396,Hyderabad,Corporate,2022-11-28
2397,Customer_2397,Kolkata,Consumer,2023-04-02
2398,Customer_2398,Mumbai,Consumer,2023-02-08
2399,Customer_2399,Bangalore,Consumer,2023-10-11
2400,Customer_2400,Delhi,Home Office,2022-04-26
2401,Customer_2401,Pune,Home Office,2023-02-22
2402,Customer_2402,Chennai,Home Office,2023-05-17
2403,Customer_2403,Kolkata,Corporate,2022-03-16
2404,Customer_2404,Delhi,Home Office,2022-04-07
2405,Customer_2405,Pune,Corporate,2022-11-23
2406,Customer_2406,Chennai,Home Office,2024-09-14
2407,Customer_2407,Chennai,Corporate,2023-01-30
2408,Customer_2408,Delhi,Home Office,2023-10-18
2409,Customer_2409,Kolkata,Home Office,2024-04-02
2410,Customer_2410,Hyderabad,Consumer,2023-12-22
2411,Customer_2411,Hyderabad,Home Office,2023-10-29
2412,Customer_2412,Chennai,Home Office,2022-07-04
2413,Customer_2413,Hyderabad,Consumer,2022-08-05
2414,Customer_2414,Mumbai,Corporate,2023-12-31
2415,Customer_2415,Chennai,Consumer,2022-11-30
2416,Customer_2416,Chennai,Consumer,2024-09-07
2417,Customer_2417,Pune,Corporate,2024-09-14
2418,Customer_2418,Hyderabad,Home Office,2023-01-17
2419,Customer_2419,Kolkata,Corporate,2022-10-01
2420,Customer_2420,Chennai,Home Office,2022-08-09
2421,Customer_2421,Kolkata,Home Office,2023-08-14
2422,Customer_2422,Mumbai,Corporate,2023-01-10
2423,Customer_2423,Pune,Consumer,2023-05-22
2424,Customer_2424,Delhi,Corporate,2022-12-05
2425,Customer_2425,Kolkata,Home Office,2023-10-17
2426,Customer_2426,Chennai,Corporate,2024-01-01
2427,Customer_2427,Mumbai,Corporate,2024-08-26
2428,Customer_2428,Bangalore,Home Office,2024-01-29
2429,Customer_2429,Mumbai,Consumer,2023-05-21
2430,Customer_2430,Mumbai,Corporate,2023-12-24
2431,Customer_2431,Pune,Home Office,2022-07-20
2432,Customer_2432,Delhi,Home Office,2024-07-02
2433,Customer_2433,Bangalore,Corporate,2024-01-01
2434,Customer_2434,Hyderabad,Consumer,2023-03-19
2435,Customer_2435,Hyderabad,Corporate,2024-07-06
2436,Customer_2436,Kolkata,Consumer,2023-08-11
2437,Customer_2437,Mumbai,Consumer,2023-08-20
2438,Customer_2438,Pune,Consumer,2022-08-02
2439,Customer_2439,Pune,Consumer,2023-07-26
2440,Customer_2440,Hyderabad,Corporate,2023-08-08
2441,Customer_2441,Kolkata,Home Office,2023-03-10
2442,Customer_2442,Kolkata,Home Office,2024-09-18
2443,Customer_2443,Kolkata,Home Office,2023-02-09
2444,Customer_2444,Bangalore,Home Office,2022-02-09
2445,Customer_2445,Delhi,Home Office,2024-05-16
2446,Customer_2446,Bangalore,Home Office,2022-01-17
2447,Customer_2447,Chennai,Corporate,2023-03-18
2448,Customer_2448,Chennai,Consumer,2023-07-17
2449,Customer_2449,Delhi,Home Office,2024-03-27
2450,Customer_2450,Hyderabad,Corporate,2023-01-15
2451,Customer_2451,Delhi,Home Office,2024-07-12
2452,Customer_2452,Pune,Home Office,2022-07-26
2453,Customer_2453,Chennai,Consumer,2022-10-03
2454,Customer_2454,Mumbai,Consumer,2022-04-19
2455,Customer_2455,Mumbai,Consumer,2024-06-21
2456,Customer_2456,Hyderabad,Home Office,2024-07-27
2457,Customer_2457,Pune,Home Office,2022-07-31
2458,Customer_2458,Bangalore,Home Office,2024-06-30
2459,Customer_2459,Pune,Consumer,2022-12-17
2460,Customer_2460,Mumbai,Corporate,2022-07-21
2461,Customer_2461,Mumbai,Home Office,2023-08-28
2462,Customer_2462,Chennai,Home Office,2022-04-08
2463,Customer_2463,Pune,Home Office,2022-08-01
2464,Customer_2464,Pune,Corporate,2022-10-08
2465,Customer_2465,Mumbai,Home Office,2022-05-03
2466,Customer_2466,Bangalore,Corporate,2022-03-12
2467,Customer_2467,Hyderabad,Home Office,2023-09-12
2468,Customer_2468,Kolkata,Corporate,2023-07-20
2469,Customer_2469,Hyderabad,Home Office,2023-12-16
2470,Customer_2470,Pune,Consumer,2024-02-03
2471,Customer_2471,Hyderabad,Consumer,2023-11-10
2472,Customer_2472,Mumbai,Consumer,2022-12-25
2473,Customer_2473,Mumbai,Consumer,2023-06-16
2474,Customer_2474,Pune,Home Office,2022-04-26
2475,Customer_2475,Pune,Consumer,2022-03-22
2476,Customer_2476,Kolkata,Corporate,2022-05-08
2477,Customer_2477,Kolkata,Consumer,2024-01-18
2478,Customer_2478,Chennai,Consumer,2024-05-04
2479,Customer_2479,Pune,Consumer,2023-12-20
2480,Customer_2480,Bangalore,Home Office,2024-02-05
2481,Customer_2481,Hyderabad,Consumer,2022-05-18
2482,Customer_2482,Pune,Corporate,2024-04-03
2483,Customer_2483,Delhi,Consumer,2023-02-26
2484,Customer_2484,Chennai,Consumer,2022-10-22
2485,Customer_2485,Delhi,Consumer,2023-07-09
2486,Customer_2486,Mumbai,Corporate,2023-11-01
2487,Customer_2487,Kolkata,Consumer,2023-08-22
2488,Customer_2488,Hyderabad,Corporate,2024-01-05
2489,Customer_2489,Pune,Corporate,2024-06-05
2490,Customer_2490,Delhi,Consumer,2023-02-17
2491,Customer_2491,Hyderabad,Corporate,2024-04-28
2492,Customer_2492,Mumbai,Home Office,2022-08-20
2493,Customer_2493,Kolkata,Consumer,2024-03-24
2494,Customer_2494,Bangalore,Consumer,2022-08-24
2495,Customer_2495,Chennai,Corporate,2024-07-04
2496,Customer_2496,Hyderabad,Corporate,2024-03-25
2497,Customer_2497,Hyderabad,Consumer,2022-08-31
2498,Customer_2498,Bangalore,Home Office,2023-03-21
2499,Customer_2499,Hyderabad,Corporate,2023-03-29
2500,Customer_2500,Mumbai,Corporate,2023-09-29
2501,Customer_2501,Mumbai,Home Office,2023-02-16
2502,Customer_2502,Bangalore,Home Office,2022-09-19
2503,Customer_2503,Chennai,Consumer,2022-04-22
2504,Customer_2504,Pune,Home Office,2023-01-09
2505,Customer_2505,Delhi,Consumer,2022-05-21
2506,Customer_2506,Pune,Home Office,2023-01-15
2507,Customer_2507,Hyderabad,Corporate,2024-05-17
2508,Customer_2508,Delhi,Consumer,2023-06-20
2509,Customer_2509,Bangalore,Consumer,2023-04-26
2510,Customer_2510,Bangalore,Consumer,2023-02-02
2511,Customer_2511,Chennai,Home Office,2022-10-19
2512,Customer_2512,Delhi,Corporate,2024-07-11
2513,Customer_2513,Mumbai,Consumer,2022-06-29
2514,Customer_2514,Delhi,Consumer,2023-09-06
2515,Customer_2515,Hyderabad,Consumer,2022-05-27
2516,Customer_2516,Mumbai,Consumer,2022-04-02
2517,Customer_2517,Kolkata,Corporate,2024-05-20
2518,Customer_2518,Kolkata,Home Office,2024-02-14
2519,Customer_2519,Kolkata,Corporate,2022-11-09
2520,Customer_2520,Bangalore,Consumer,2024-06-06
2521,Customer_2521,Delhi,Corporate,2024-05-17
2522,Customer_2522,Kolkata,Consumer,2022-09-23
2523,Customer_2523,Pune,Home Office,2022-05-10
2524,Customer_2524,Chennai,Home Office,2022-10-02
2525,Customer_2525,Pune,Home Office,2023-02-10
2526,Customer_2526,Kolkata,Consumer,2024-09-02
2527,Customer_2527,Chennai,Corporate,2023-07-16
2528,Customer_2528,Hyderabad,Home Office,2022-04-06
2529,Customer_2529,Pune,Consumer,2022-11-15
2530,Customer_2530,Delhi,Consumer,2023-09-08
2531,Customer_2531,Delhi,Corporate,2022-02-20
2532,Customer_2532,Pune,Home Office,2024-08-26
2533,Customer_2533,Kolkata,Consumer,2024-02-22
2534,Customer_2534,Delhi,Corporate,2022-08-21
2535,Customer_2535,Hyderabad,Home Office,2023-03-21
2536,Customer_2536,Mumbai,Corporate,2024-08-13
2537,Customer_2537,Kolkata,Corporate,2022-10-16
2538,Customer_2538,Hyderabad,Consumer,2024-03-15
2539,Customer_2539,Chennai,Consumer,2024-04-27
2540,Customer_2540,Hyderabad,Consumer,2023-04-12
2541,Customer_2541,Kolkata,Corporate,2023-10-28
2542,Customer_2542,Chennai,Consumer,2022-08-17
2543,Customer_2543,Kolkata,Corporate,2022-08-12
2544,Customer_2544,Delhi,Corporate,2022-09-27
2545,Customer_2545,Mumbai,Consumer,2024-07-03
2546,Customer_2546,Kolkata,Home Office,2023-10-18
2547,Customer_2547,Kolkata,Home Office,2023-10-10
2548,Customer_2548,Delhi,Home Office,2024-07-09
2549,Customer_2549,Bangalore,Corporate,2023-08-01
2550,Customer_2550,Delhi,Corporate,2024-03-25
2551,Customer_2551,Chennai,Corporate,2024-09-25
2552,Customer_2552,Delhi,Consumer,2023-11-24
2553,Customer_2553,Delhi,Corporate,2022-03-06
2554,Customer_2554,Mumbai,Consumer,2023-02-14
2555,Customer_2555,Delhi,Consumer,2022-07-15
2556,Customer_2556,Kolkata,Home Office,2023-05-05
2557,Customer_2557,Mumbai,Home Office,2022-09-05
2558,Customer_2558,Pune,Home Office,2023-11-10
2559,Customer_2559,Bangalore,Consumer,2024-08-24
2560,Customer_2560,Mumbai,Consumer,2023-10-28
2561,Customer_2561,Chennai,Consumer,2022-03-09
2562,Customer_2562,Pune,Corporate,2024-08-16
2563,Customer_2563,Mumbai,Consumer,2023-04-12
2564,Customer_2564,Mumbai,Home Office,2022-12-16
2565,Customer_2565,Bangalore,Home Office,2024-06-13
2566,Customer_2566,Kolkata,Consumer,2023-11-29
2567,Customer_2567,Chennai,Consumer,2024-05-05
2568,Customer_2568,Hyderabad,Home Office,2022-12-07
2569,Customer_2569,Hyderabad,Consumer,2023-05-26
2570,Customer_2570,Mumbai,Home Office,2023-05-01
2571,Customer_2571,Delhi,Corporate,2022-12-06
2572,Customer_2572,Chennai,Home Office,2024-07-31
2573,Customer_2573,Pune,Corporate,2024-05-04
2574,Customer_2574,Delhi,Consumer,2022-05-31
2575,Customer_2575,Delhi,Consumer,2023-12-07
2576,Customer_2576,Chennai,Corporate,2023-08-15
2577,Customer_2577,Kolkata,Consumer,2022-01-10
2578,Customer_2578,Mumbai,Corporate,2023-11-26
2579,Customer_2579,Mumbai,Consumer,2022-01-27
2580,Customer_2580,Mumbai,Home Office,2022-07-08
2581,Customer_2581,Mumbai,Consumer,2022-11-06
2582,Customer_2582,Hyderabad,Home Office,2023-10-31
2583,Customer_2583,Mumbai,Home Office,2023-11-22
2584,Customer_2584,Hyderabad,Corporate,2022-02-03
2585,Customer_2585,Hyderabad,Consumer,2023-10-25
2586,Customer_2586,Kolkata,Corporate,2023-07-26
2587,Customer_2587,Mumbai,Consumer,2024-03-20
2588,Customer_2588,Bangalore,Home Office,2023-09-14
2589,Customer_2589,Pune,Home Office,2024-03-16
2590,Customer_2590,Delhi,Consumer,2023-11-10
2591,Customer_2591,Hyderabad,Consumer,2024-09-19
2592,Customer_2592,Chennai,Corporate,2024-01-09
2593,Customer_2593,Chennai,Consumer,2023-09-20
2594,Customer_2594,Pune,Consumer,2024-06-30
2595,Customer_2595,Chennai,Consumer,2022-03-01
2596,Customer_2596,Bangalore,Corporate,2022-07-29
2597,Customer_2597,Chennai,Consumer,2023-08-10
2598,Customer_2598,Delhi,Home Office,2022-06-06
2599,Customer_2599,Delhi,Corporate,2022-09-04
2600,Customer_2600,Hyderabad,Corporate,2022-12-16
2601,Customer_2601,Mumbai,Home Office,2022-09-20
2602,Customer_2602,Kolkata,Home Office,2022-08-24
2603,Customer_2603,Bangalore,Home Office,2023-02-02
2604,Customer_2604,Hyderabad,Consumer,2023-03-08
2605,Customer_2605,Bangalore,Home Office,2023-03-30
2606,Customer_2606,Mumbai,Consumer,2023-08-09
2607,Customer_2607,Chennai,Corporate,2022-03-14
2608,Customer_2608,Chennai,Corporate,2022-10-19
2609,Customer_2609,Kolkata,Home Office,2023-06-23
2610,Customer_2610,Mumbai,Consumer,2023-07-30
2611,Customer_2611,Hyderabad,Home Office,2023-07-23
2612,Customer_2612,Kolkata,Home Office,2022-10-30
2613,Customer_2613,Mumbai,Consumer,2022-10-30
2614,Customer_2614,Pune,Home Office,2023-03-08
2615,Customer_2615,Delhi,Corporate,2024-02-09
2616,Customer_2616,Kolkata,Home Office,2023-03-01
2617,Customer_2617,Kolkata,Consumer,2023-09-03
2618,Customer_2618,Hyderabad,Consumer,2023-09-15
2619,Customer_2619,Bangalore,Corporate,2023-12-21
2620,Customer_2620,Pune,Consumer,2024-01-29
2621,Customer_2621,Hyderabad,Consumer,2024-07-10
2622,Customer_2622,Mumbai,Corporate,2024-01-06
2623,Customer_2623,Mumbai,Home Office,2022-05-21
2624,Customer_2624,Mumbai,Corporate,2023-02-16
2625,Customer_2625,Mumbai,Home Office,2023-09-19
2626,Customer_2626,Bangalore,Corporate,2024-07-07
2627,Customer_2627,Pune,Home Office,2024-08-09
2628,Customer_2628,Chennai,Corporate,2023-10-14
2629,Customer_2629,Delhi,Home Office,2023-05-15
2630,Customer_2630,Bangalore,Corporate,2022-12-29
2631,Customer_2631,Bangalore,Home Office,2024-09-09
2632,Customer_2632,Chennai,Corporate,2022-10-15
2633,Customer_2633,Chennai,Consumer,2022-12-23
2634,Customer_2634,Delhi,Home Office,2023-09-23
2635,Customer_2635,Delhi,Corporate,2024-01-13
2636,Customer_2636,Chennai,Home Office,2023-01-07
2637,Customer_2637,Mumbai,Home Office,2022-08-24
2638,Customer_2638,Bangalore,Corporate,2022-09-14
2639,Customer_2639,Hyderabad,Home Office,2022-10-03
2640,Customer_2640,Delhi,Corporate,2023-08-09
2641,Customer_2641,Delhi,Consumer,2022-02-21
2642,Customer_2642,Chennai,Home Office,2024-04-26
2643,Customer_2643,Pune,Consumer,2022-12-22
2644,Customer_2644,Hyderabad,Home Office,2023-09-08
2645,Customer_2645,Hyderabad,Home Office,2023-09-17
2646,Customer_2646,Delhi,Home Office,2024-06-16
2647,Customer_2647,Mumbai,Corporate,2024-03-29
2648,Customer_2648,Pune,Consumer,2024-05-15
2649,Customer_2649,Hyderabad,Home Office,2024-01-17
2650,Customer_2650,Delhi,Corporate,2024-03-23
2651,Customer_2651,Hyderabad,Home Office,2022-10-30
2652,Customer_2652,Kolkata,Corporate,2023-10-12
2653,Customer_2653,Pune,Home Office,2022-09-02
2654,Customer_2654,Pune,Consumer,2022-03-10
2655,Customer_2655,Kolkata,Consumer,2023-08-02
2656,Customer_2656,Bangalore,Home Office,2023-09-06
2657,Customer_2657,Kolkata,Corporate,2022-02-14
2658,Customer_2658,Chennai,Home Office,2022-08-11
2659,Customer_2659,Chennai,Corporate,2022-05-16
2660,Customer_2660,Delhi,Home Office,2023-12-27
2661,Customer_2661,Pune,Corporate,2023-06-27
2662,Customer_2662,Bangalore,Consumer,2024-05-10
2663,Customer_2663,Bangalore,Home Office,2022-12-14
2664,Customer_2664,Hyderabad,Consumer,2023-09-25
2665,Customer_2665,Hyderabad,Consumer,2024-06-26
2666,Customer_2666,Kolkata,Home Office,2022-07-24
2667,Customer_2667,Bangalore,Home Office,2024-02-28
2668,Customer_2668,Kolkata,Corporate,2024-03-19
2669,Customer_2669,Kolkata,Corporate,2022-07-09
2670,Customer_2670,Hyderabad,Consumer,2024-02-07
2671,Customer_2671,Pune,Corporate,2022-09-16
2672,Customer_2672,Kolkata,Corporate,2022-01-27
2673,Customer_2673,Mumbai,Home Office,2023-05-21
2674,Customer_2674,Pune,Corporate,2024-04-19
2675,Customer_2675,Bangalore,Consumer,2022-05-08
2676,Customer_2676,Bangalore,Corporate,2022-09-08
2677,Customer_2677,Kolkata,Consumer,2022-02-19
2678,Customer_2678,Pune,Home Office,2022-05-11
2679,Customer_2679,Hyderabad,Consumer,2022-02-24
2680,Customer_2680,Hyderabad,Corporate,2024-02-29
2681,Customer_2681,Chennai,Home Office,2022-07-23
2682,Customer_2682,Bangalore,Corporate,2023-09-10
2683,Customer_2683,Delhi,Home Office,2024-05-14
2684,Customer_2684,Chennai,Home Office,2023-07-13
2685,Customer_2685,Hyderabad,Corporate,2023-10-25
2686,Customer_2686,Pune,Corporate,2024-04-09
2687,Customer_2687,Hyderabad,Home Office,2023-03-14
2688,Customer_2688,Pune,Home Office,2024-02-10
2689,Customer_2689,Chennai,Corporate,2024-03-12
2690,Customer_2690,Bangalore,Consumer,2022-06-08
2691,Customer_2691,Hyderabad,Corporate,2023-07-10
2692,Customer_2692,Kolkata,Home Office,2022-07-01
2693,Customer_2693,Pune,Corporate,2023-06-11
2694,Customer_2694,Bangalore,Consumer,2022-05-15
2695,Customer_2695,Delhi,Corporate,2023-02-26
2696,Customer_2696,Pune,Home Office,2023-10-26
2697,Customer_2697,Chennai,Corporate,2022-11-09
2698,Customer_2698,Delhi,Home Office,2022-12-21
2699,Customer_2699,Delhi,Home Office,2022-03-28
2700,Customer_2700,Mumbai,Corporate,2023-06-19
2701,Customer_2701,Hyderabad,Home Office,2023-09-30
2702,Customer_2702,Pune,Home Office,2024-02-23
2703,Customer_2703,Delhi,Consumer,2024-02-01
2704,Customer_2704,Mumbai,Consumer,2023-07-28
2705,Customer_2705,Chennai,Consumer,2023-05-28
2706,Customer_2706,Bangalore,Consumer,2024-03-21
2707,Customer_2707,Kolkata,Home Office,2022-03-19
2708,Customer_2708,Kolkata,Corporate,2024-02-14
2709,Customer_2709,Pune,Home Office,2023-12-28
2710,Customer_2710,Delhi,Home Office,2023-06-30
2711,Customer_2711,Kolkata,Home Office,2022-08-07
2712,Customer_2712,Hyderabad,Corporate,2024-09-26
2713,Customer_2713,Kolkata,Consumer,2022-07-15
2714,Customer_2714,Kolkata,Home Office,2023-06-01
2715,Customer_2715,Kolkata,Home Office,2024-05-23
2716,Customer_2716,Mumbai,Consumer,2023-12-25
2717,Customer_2717,Delhi,Home Office,2022-05-09
2718,Customer_2718,Hyderabad,Corporate,2023-05-26
2719,Customer_2719,Delhi,Home Office,2024-08-12
2720,Customer_2720,Pune,Home Office,2024-03-06
2721,Customer_2721,Pune,Consumer,2022-02-17
2722,Customer_2722,Pune,Home Office,2023-03-14
2723,Customer_2723,Chennai,Home Office,2024-08-01
2724,Customer_2724,Kolkata,Corporate,2024-01-07
2725,Customer_2725,Chennai,Consumer,2023-08-04
2726,Customer_2726,Mumbai,Consumer,2022-07-24
2727,Customer_2727,Pune,Corporate,2023-11-14
2728,Customer_2728,Hyderabad,Home Office,2023-06-28
2729,Customer_2729,Delhi,Consumer,2022-05-28
2730,Customer_2730,Kolkata,Consumer,2023-03-24
2731,Customer_2731,Bangalore,Home Office,2023-10-15
2732,Customer_2732,Hyderabad,Home Office,2024-01-31
2733,Customer_2733,Kolkata,Consumer,2023-12-15
2734,Customer_2734,Chennai,Home Office,2022-12-25
2735,Customer_2735,Chennai,Consumer,2023-01-24
2736,Customer_2736,Hyderabad,Home Office,2022-06-02
2737,Customer_2737,Chennai,Home Office,2022-07-20
2738,Customer_2738,Pune,Corporate,2023-11-22
2739,Customer_2739,Mumbai,Home Office,2022-11-17
2740,Customer_2740,Delhi,Corporate,2022-09-04
2741,Customer_2741,Mumbai,Home Office,2024-07-16
2742,Customer_2742,Kolkata,Consumer,2024-04-28
2743,Customer_2743,Delhi,Consumer,2022-01-31
2744,Customer_2744,Delhi,Home Office,2024-02-06
2745,Customer_2745,Mumbai,Home Office,2023-11-16
2746,Customer_2746,Hyderabad,Consumer,2022-11-04
2747,Customer_2747,Delhi,Home Office,2024-05-19
2748,Customer_2748,Mumbai,Corporate,2023-03-17
2749,Customer_2749,Delhi,Corporate,2022-10-06
2750,Customer_2750,Bangalore,Corporate,2022-05-01
2751,Customer_2751,Hyderabad,Corporate,2022-05-23
2752,Customer_2752,Pune,Corporate,2022-10-29
2753,Customer_2753,Delhi,Home Office,2024-05-31
2754,Customer_2754,Bangalore,Home Office,2024-02-26
2755,Customer_2755,Pune,Corporate,2023-05-25
2756,Customer_2756,Pune,Home Office,2023-09-09
2757,Customer_2757,Kolkata,Home Office,2022-12-20
2758,Customer_2758,Delhi,Corporate,2022-05-29
2759,Customer_2759,Mumbai,Home Office,2024-01-22
2760,Customer_2760,Delhi,Home Office,2022-05-01
2761,Customer_2761,Bangalore,Home Office,2023-11-23
2762,Customer_2762,Pune,Corporate,2022-02-04
2763,Customer_2763,Delhi,Home Office,2024-09-27
2764,Customer_2764,Mumbai,Consumer,2024-09-20
2765,Customer_2765,Kolkata,Consumer,2023-02-21
2766,Customer_2766,Delhi,Corporate,2022-10-09
2767,Customer_2767,Hyderabad,Consumer,2022-08-25
2768,Customer_2768,Kolkata,Corporate,2023-06-28
2769,Customer_2769,Mumbai,Consumer,2023-04-16
2770,Customer_2770,Bangalore,Consumer,2022-04-03
2771,Customer_2771,Pune,Consumer,2024-09-19
2772,Customer_2772,Delhi,Corporate,2022-09-16
2773,Customer_2773,Mumbai,Corporate,2022-11-08
2774,Customer_2774,Kolkata,Home Office,2024-05-22
2775,Customer_2775,Hyderabad,Corporate,2024-02-27
2776,Customer_2776,Mumbai,Consumer,2022-11-11
2777,Customer_2777,Chennai,Consumer,2023-10-15
2778,Customer_2778,Hyderabad,Corporate,2022-09-05
2779,Customer_2779,Kolkata,Corporate,2022-05-04
2780,Customer_2780,Bangalore,Corporate,2022-05-04
2781,Customer_2781,Pune,Home Office,2023-08-15
2782,Customer_2782,Kolkata,Consumer,2024-07-31
2783,Customer_2783,Bangalore,Home Office,2024-08-26
2784,Customer_2784,Delhi,Home Office,2023-03-20
2785,Customer_2785,Mumbai,Consumer,2024-02-16
2786,Customer_2786,Chennai,Consumer,2022-10-15
2787,Customer_2787,Hyderabad,Corporate,2023-08-28
2788,Customer_2788,Hyderabad,Corporate,2024-02-21
2789,Customer_2789,Mumbai,Home Office,2022-06-14
2790,Customer_2790,Chennai,Corporate,2024-05-16
2791,Customer_2791,Mumbai,Corporate,2024-06-08
2792,Customer_2792,Delhi,Consumer,2022-11-26
2793,Customer_2793,Bangalore,Consumer,2022-10-04
2794,Customer_2794,Kolkata,Corporate,2023-03-17
2795,Customer_2795,Hyderabad,Consumer,2024-04-27
2796,Customer_2796,Delhi,Corporate,2023-11-22
2797,Customer_2797,Bangalore,Consumer,2024-09-25
2798,Customer_2798,Delhi,Consumer,2022-04-27
2799,Customer_2799,Chennai,Consumer,2023-03-06
2800,Customer_2800,Hyderabad,Consumer,2023-11-25
2801,Customer_2801,Kolkata,Corporate,2022-12-18
2802,Customer_2802,Mumbai,Home Office,2023-06-11
2803,Customer_2803,Mumbai,Consumer,2023-05-13
2804,Customer_2804,Bangalore,Corporate,2022-09-28
2805,Customer_2805,Kolkata,Corporate,2022-09-05
2806,Customer_2806,Pune,Consumer,2023-04-24
2807,Customer_2807,Chennai,Home Office,2023-04-05
2808,Customer_2808,Bangalore,Consumer,2022-08-06
2809,Customer_2809,Pune,Corporate,2022-05-27
2810,Customer_2810,Delhi,Home Office,2022-12-20
2811,Customer_2811,Chennai,Corporate,2024-04-15
2812,Customer_2812,Delhi,Consumer,2022-01-28
2813,Customer_2813,Kolkata,Home Office,2024-07-25
2814,Customer_2814,Hyderabad,Corporate,2023-02-21
2815,Customer_2815,Chennai,Corporate,2023-11-09
2816,Customer_2816,Pune,Corporate,2023-01-26
2817,Customer_2817,Hyderabad,Consumer,2022-01-29
2818,Customer_2818,Mumbai,Home Office,2023-02-14
2819,Customer_2819,Pune,Consumer,2023-12-15
2820,Customer_2820,Bangalore,Consumer,2024-08-20
2821,Customer_2821,Mumbai,Consumer,2023-04-21
2822,Customer_2822,Mumbai,Home Office,2022-07-11
2823,Customer_2823,Bangalore,Consumer,2023-06-05
2824,Customer_2824,Chennai,Consumer,2022-06-30
2825,Customer_2825,Mumbai,Consumer,2024-07-25
2826,Customer_2826,Kolkata,Consumer,2022-01-20
2827,Customer_2827,Pune,Corporate,2022-11-28
2828,Customer_2828,Hyderabad,Consumer,2022-06-25
2829,Customer_2829,Mumbai,Corporate,2023-07-26
2830,Customer_2830,Pune,Consumer,2024-04-25
2831,Customer_2831,Delhi,Home Office,2023-02-16
2832,Customer_2832,Pune,Corporate,2023-07-22
2833,Customer_2833,Hyderabad,Corporate,2023-10-06
2834,Customer_2834,Pune,Corporate,2023-01-18
2835,Customer_2835,Bangalore,Corporate,2022-04-30
2836,Customer_2836,Hyderabad,Home Office,2022-01-23
2837,Customer_2837,Chennai,Consumer,2023-10-02
2838,Customer_2838,Delhi,Corporate,2024-09-20
2839,Customer_2839,Bangalore,Home Office,2023-05-23
2840,Customer_2840,Chennai,Corporate,2023-11-22
2841,Customer_2841,Pune,Consumer,2023-06-01
2842,Customer_2842,Hyderabad,Corporate,2023-04-03
2843,Customer_2843,Delhi,Home Office,2024-08-28
2844,Customer_2844,Bangalore,Consumer,2022-07-31
2845,Customer_2845,Chennai,Home Office,2024-02-12
2846,Customer_2846,Chennai,Consumer,2024-09-07
2847,Customer_2847,Delhi,Consumer,2023-03-31
2848,Customer_2848,Kolkata,Consumer,2024-04-18
2849,Customer_2849,Pune,Corporate,2024-04-02
2850,Customer_2850,Delhi,Home Office,2022-08-05
2851,Customer_2851,Chennai,Home Office,2022-07-23
2852,Customer_2852,Mumbai,Home Office,2022-06-20
2853,Customer_2853,Bangalore,Consumer,2024-03-04
2854,Customer_2854,Delhi,Corporate,2022-01-21
2855,Customer_2855,Kolkata,Consumer,2023-12-12
2856,Customer_2856,Chennai,Home Office,2024-04-09
2857,Customer_2857,Pune,Corporate,2023-11-17
2858,Customer_2858,Chennai,Corporate,2024-04-18
2859,Customer_2859,Pune,Corporate,2022-05-15
2860,Customer_2860,Delhi,Home Office,2022-01-30
2861,Customer_2861,Pune,Corporate,2024-05-11
2862,Customer_2862,Hyderabad,Corporate,2024-08-11
2863,Customer_2863,Hyderabad,Consumer,2023-08-02
2864,Customer_2864,Hyderabad,Consumer,2023-04-22
2865,Customer_2865,Kolkata,Corporate,2022-01-27
2866,Customer_2866,Kolkata,Corporate,2023-12-31
2867,Customer_2867,Mumbai,Consumer,2023-10-29
2868,Customer_2868,Kolkata,Consumer,2023-05-07
2869,Customer_2869,Delhi,Consumer,2022-07-26
2870,Customer_2870,Chennai,Home Office,2022-08-12
2871,Customer_2871,Chennai,Home Office,2023-04-15
2872,Customer_2872,Mumbai,Consumer,2022-12-08
2873,Customer_2873,Kolkata,Corporate,2023-12-28
2874,Customer_2874,Pune,Consumer,2023-06-16
2875,Customer_2875,Mumbai,Home Office,2024-01-28
2876,Customer_2876,Pune,Corporate,2024-09-08
2877,Customer_2877,Pune,Home Office,2023-05-26
2878,Customer_2878,Bangalore,Corporate,2023-10-23
2879,Customer_2879,Chennai,Home Office,2023-10-28
2880,Customer_2880,Hyderabad,Corporate,2024-06-02
2881,Customer_2881,Kolkata,Corporate,2024-04-24
2882,Customer_2882,Pune,Corporate,2023-05-26
2883,Customer_2883,Bangalore,Corporate,2024-06-15
2884,Customer_2884,Chennai,Home Office,2022-11-06
2885,Customer_2885,Hyderabad,Home Office,2022-07-01
2886,Customer_2886,Pune,Corporate,2022-10-16
2887,Customer_2887,Pune,Corporate,2023-06-08
2888,Customer_2888,Mumbai,Home Office,2023-06-11
2889,Customer_2889,Mumbai,Corporate,2023-05-17
2890,Customer_2890,Chennai,Corporate,2024-07-19
2891,Customer_2891,Hyderabad,Corporate,2023-03-04
2892,Customer_2892,Pune,Consumer,2023-01-30
2893,Customer_2893,Chennai,Corporate,2023-09-01
2894,Customer_2894,Chennai,Consumer,2024-09-17
2895,Customer_2895,Delhi,Corporate,2022-06-30
2896,Customer_2896,Kolkata,Home Office,2023-04-15
2897,Customer_2897,Mumbai,Consumer,2022-12-13
2898,Customer_2898,Hyderabad,Consumer,2024-03-16
2899,Customer_2899,Pune,Corporate,2022-06-15
2900,Customer_2900,Chennai,Corporate,2022-07-25
2901,Customer_2901,Pune,Consumer,2023-05-04
2902,Customer_2902,Delhi,Home Office,2022-10-23
2903,Customer_2903,Hyderabad,Home Office,2023-04-27
2904,Customer_2904,Chennai,Corporate,2024-06-21
2905,Customer_2905,Pune,Home Office,2023-04-01
2906,Customer_2906,Mumbai,Home Office,2023-03-11
2907,Customer_2907,Kolkata,Corporate,2023-06-11
2908,Customer_2908,Delhi,Home Office,2022-04-02
2909,Customer_2909,Hyderabad,Corporate,2023-11-09
2910,Customer_2910,Delhi,Consumer,2022-07-22
2911,Customer_2911,Mumbai,Corporate,2022-10-11
2912,Customer_2912,Hyderabad,Consumer,2022-01-24
2913,Customer_2913,Delhi,Consumer,2022-03-15
2914,Customer_2914,Bangalore,Home Office,2024-01-05
2915,Customer_2915,Mumbai,Home Office,2024-02-26
2916,Customer_2916,Mumbai,Home Office,2022-06-06
2917,Customer_2917,Mumbai,Corporate,2023-01-16
2918,Customer_2918,Bangalore,Home Office,2023-12-19
2919,Customer_2919,Bangalore,Consumer,2024-08-20
2920,Customer_2920,Pune,Home Office,2024-09-26
2921,Customer_2921,Chennai,Home Office,2023-03-23
2922,Customer_2922,Kolkata,Corporate,2023-12-27
2923,Customer_2923,Delhi,Corporate,2022-11-02
2924,Customer_2924,Pune,Consumer,2023-04-11
2925,Customer_2925,Delhi,Corporate,2024-09-22
2926,Customer_2926,Kolkata,Home Office,2023-12-09
2927,Customer_2927,Chennai,Corporate,2023-10-06
2928,Customer_2928,Bangalore,Consumer,2024-03-18
2929,Customer_2929,Chennai,Home Office,2022-12-07
2930,Customer_2930,Bangalore,Consumer,2024-02-15
2931,Customer_2931,Kolkata,Corporate,2023-12-03
2932,Customer_2932,Chennai,Corporate,2022-11-14
2933,Customer_2933,Pune,Consumer,2022-09-15
2934,Customer_2934,Hyderabad,Home Office,2023-03-02
2935,Customer_2935,Pune,Corporate,2023-11-28
2936,Customer_2936,Delhi,Corporate,2023-02-17
2937,Customer_2937,Pune,Home Office,2024-04-28
2938,Customer_2938,Kolkata,Corporate,2023-11-16
2939,Customer_2939,Mumbai,Consumer,2022-06-12
2940,Customer_2940,Delhi,Corporate,2023-12-27
2941,Customer_2941,Chennai,Corporate,2023-07-20
2942,Customer_2942,Delhi,Home Office,2023-02-26
2943,Customer_2943,Hyderabad,Consumer,2023-10-31
2944,Customer_2944,Bangalore,Home Office,2023-10-29
2945,Customer_2945,Chennai,Corporate,2022-02-24
2946,Customer_2946,Delhi,Corporate,2024-03-01
2947,Customer_2947,Chennai,Home Office,2024-06-16
2948,Customer_2948,Chennai,Home Office,2023-11-08
2949,Customer_2949,Chennai,Home Office,2022-02-10
2950,Customer_2950,Bangalore,Consumer,2023-02-23
2951,Customer_2951,Kolkata,Corporate,2024-01-02
2952,Customer_2952,Pune,Home Office,2023-06-10
2953,Customer_2953,Chennai,Corporate,2022-01-13
2954,Customer_2954,Mumbai,Consumer,2022-02-23
2955,Customer_2955,Kolkata,Consumer,2023-11-01
2956,Customer_2956,Hyderabad,Consumer,2023-12-22
2957,Customer_2957,Bangalore,Consumer,2024-05-06
2958,Customer_2958,Delhi,Corporate,2024-04-13
2959,Customer_2959,Bangalore,Consumer,2022-01-04
2960,Customer_2960,Delhi,Consumer,2024-01-28
2961,Customer_2961,Bangalore,Home Office,2023-07-08
2962,Customer_2962,Delhi,Consumer,2022-05-19
2963,Customer_2963,Chennai,Home Office,2024-01-12
2964,Customer_2964,Pune,Consumer,2023-04-14
2965,Customer_2965,Delhi,Consumer,2024-06-25
2966,Customer_2966,Delhi,Home Office,2023-06-30
2967,Customer_2967,Mumbai,Consumer,2022-06-17
2968,Customer_2968,Delhi,Corporate,2023-09-06
2969,Customer_2969,Mumbai,Corporate,2023-03-21
2970,Customer_2970,Hyderabad,Consumer,2023-06-06
2971,Customer_2971,Chennai,Corporate,2024-09-03
2972,Customer_2972,Mumbai,Home Office,2022-06-18
2973,Customer_2973,Pune,Consumer,2022-01-05
2974,Customer_2974,Kolkata,Consumer,2023-10-17
2975,Customer_2975,Chennai,Home Office,2023-03-16
2976,Customer_2976,Mumbai,Home Office,2022-04-02
2977,Customer_2977,Chennai,Home Office,2024-06-21
2978,Customer_2978,Chennai,Consumer,2024-09-10
2979,Customer_2979,Chennai,Home Office,2022-06-09
2980,Customer_2980,Hyderabad,Home Office,2024-07-11
2981,Customer_2981,Pune,Corporate,2023-04-21
2982,Customer_2982,Bangalore,Corporate,2023-04-08
2983,Customer_2983,Bangalore,Consumer,2023-06-08
2984,Customer_2984,Mumbai,Corporate,2024-05-13
2985,Customer_2985,Chennai,Corporate,2024-08-21
2986,Customer_2986,Mumbai,Home Office,2022-10-07
2987,Customer_2987,Hyderabad,Home Office,2023-11-15
2988,Customer_2988,Hyderabad,Corporate,2022-03-27
2989,Customer_2989,Delhi,Corporate,2024-03-19
2990,Customer_2990,Hyderabad,Corporate,2022-04-10
2991,Customer_2991,Delhi,Consumer,2023-04-15
2992,Customer_2992,Pune,Consumer,2022-11-05
2993,Customer_2993,Mumbai,Consumer,2024-04-22
2994,Customer_2994,Kolkata,Corporate,2024-04-13
2995,Customer_2995,Pune,Corporate,2023-02-17
2996,Customer_2996,Hyderabad,Consumer,2022-06-09
2997,Customer_2997,Pune,Consumer,2023-08-03
2998,Customer_2998,Pune,Corporate,2024-01-28
2999,Customer_2999,Pune,Home Office,2024-06-06
3000,Customer_3000,Hyderabad,Consumer,2022-12-17
3001,Customer_3001,Kolkata,Corporate,2022-02-14
3002,Customer_3002,Chennai,Corporate,2022-10-05
3003,Customer_3003,Pune,Home Office,2023-12-16
3004,Customer_3004,Delhi,Corporate,2022-07-24
3005,Customer_3005,Hyderabad,Corporate,2024-05-18
3006,Customer_3006,Pune,Consumer,2024-04-04
3007,Customer_3007,Kolkata,Consumer,2022-12-01
3008,Customer_3008,Chennai,Home Office,2022-12-25
3009,Customer_3009,Hyderabad,Home Office,2023-04-09
3010,Customer_3010,Bangalore,Corporate,2022-11-21
3011,Customer_3011,Chennai,Consumer,2022-03-20
3012,Customer_3012,Delhi,Home Office,2024-07-23
3013,Customer_3013,Pune,Home Office,2023-01-01
3014,Customer_3014,Kolkata,Home Office,2024-05-05
3015,Customer_3015,Bangalore,Corporate,2023-08-31
3016,Customer_3016,Kolkata,Consumer,2024-07-10
3017,Customer_3017,Bangalore,Home Office,2023-02-23
3018,Customer_3018,Hyderabad,Consumer,2022-04-09
3019,Customer_3019,Bangalore,Home Office,2022-08-17
3020,Customer_3020,Delhi,Home Office,2024-08-13
3021,Customer_3021,Delhi,Consumer,2022-04-22
3022,Customer_3022,Mumbai,Consumer,2024-08-18
3023,Customer_3023,Delhi,Consumer,2023-05-02
3024,Customer_3024,Chennai,Corporate,2023-07-05
3025,Customer_3025,Bangalore,Home Office,2024-06-19
3026,Customer_3026,Delhi,Corporate,2024-05-11
3027,Customer_3027,Hyderabad,Consumer,2024-02-18
3028,Customer_3028,Kolkata,Home Office,2022-01-20
3029,Customer_3029,Kolkata,Corporate,2022-09-17
3030,Customer_3030,Mumbai,Home Office,2022-05-19
3031,Customer_3031,Kolkata,Corporate,2023-12-04
3032,Customer_3032,Bangalore,Consumer,2022-09-25
3033,Customer_3033,Mumbai,Corporate,2022-01-25
3034,Customer_3034,Bangalore,Home Office,2022-03-13
3035,Customer_3035,Hyderabad,Home Office,2022-06-28
3036,Customer_3036,Mumbai,Home Office,2022-08-27
3037,Customer_3037,Pune,Home Office,2023-01-01
3038,Customer_3038,Chennai,Consumer,2023-11-22
3039,Customer_3039,Chennai,Corporate,2022-07-15
3040,Customer_3040,Bangalore,Consumer,2022-03-18
3041,Customer_3041,Kolkata,Consumer,2024-07-25
3042,Customer_3042,Pune,Consumer,2022-04-15
3043,Customer_3043,Mumbai,Home Office,2022-07-15
3044,Customer_3044,Pune,Home Office,2024-07-29
3045,Customer_3045,Pune,Home Office,2024-07-06
3046,Customer_3046,Kolkata,Corporate,2023-10-28
3047,Customer_3047,Mumbai,Home Office,2024-07-08
3048,Customer_3048,Hyderabad,Corporate,2022-09-05
3049,Customer_3049,Kolkata,Home Office,2022-04-30
3050,Customer_3050,Pune,Home Office,2023-06-10
3051,Customer_3051,Pune,Consumer,2023-08-20
3052,Customer_3052,Hyderabad,Consumer,2022-08-10
3053,Customer_3053,Pune,Consumer,2023-05-04
3054,Customer_3054,Pune,Corporate,2022-01-06
3055,Customer_3055,Pune,Corporate,2023-06-19
3056,Customer_3056,Chennai,Home Office,2022-03-04
3057,Customer_3057,Kolkata,Corporate,2023-10-15
3058,Customer_3058,Delhi,Home Office,2023-02-24
3059,Customer_3059,Kolkata,Corporate,2022-03-19
3060,Customer_3060,Hyderabad,Corporate,2022-10-15
3061,Customer_3061,Pune,Corporate,2024-01-03
3062,Customer_3062,Kolkata,Consumer,2022-11-12
3063,Customer_3063,Chennai,Corporate,2023-02-27
3064,Customer_3064,Hyderabad,Consumer,2022-06-18
3065,Customer_3065,Bangalore,Consumer,2023-07-01
3066,Customer_3066,Kolkata,Corporate,2024-09-13
3067,Customer_3067,Bangalore,Home Office,2023-02-06
3068,Customer_3068,Pune,Home Office,2022-06-25
3069,Customer_3069,Chennai,Home Office,2024-03-09
3070,Customer_3070,Chennai,Corporate,2023-11-14
3071,Customer_3071,Kolkata,Home Office,2023-01-17
3072,Customer_3072,Hyderabad,Consumer,2023-10-22
3073,Customer_3073,Hyderabad,Home Office,2023-02-27
3074,Customer_3074,Chennai,Corporate,2023-09-27
3075,Customer_3075,Hyderabad,Home Office,2022-12-26
3076,Customer_3076,Chennai,Consumer,2023-07-21
3077,Customer_3077,Kolkata,Corporate,2023-12-24
3078,Customer_3078,Delhi,Home Office,2023-10-30
3079,Customer_3079,Chennai,Corporate,2022-02-09
3080,Customer_3080,Bangalore,Corporate,2023-10-05
3081,Customer_3081,Hyderabad,Corporate,2023-09-10
3082,Customer_3082,Chennai,Home Office,2024-05-29
3083,Customer_3083,Chennai,Corporate,2022-04-20
3084,Customer_3084,Kolkata,Home Office,2022-01-17
3085,Customer_3085,Hyderabad,Consumer,2022-11-04
3086,Customer_3086,Delhi,Home Office,2022-06-13
3087,Customer_3087,Kolkata,Consumer,2022-08-02
3088,Customer_3088,Delhi,Home Office,2022-04-13
3089,Customer_3089,Kolkata,Corporate,2024-04-26
3090,Customer_3090,Hyderabad,Home Office,2023-05-20
3091,Customer_3091,Mumbai,Corporate,2024-08-11
3092,Customer_3092,Hyderabad,Consumer,2022-10-02
3093,Customer_3093,Hyderabad,Home Office,2023-02-23
3094,Customer_3094,Delhi,Corporate,2022-04-23
3095,Customer_3095,Delhi,Consumer,2022-04-01
3096,Customer_3096,Hyderabad,Consumer,2024-05-05
3097,Customer_3097,Hyderabad,Home Office,2022-11-26
3098,Customer_3098,Hyderabad,Consumer,2024-01-19
3099,Customer_3099,Delhi,Corporate,2022-12-17
3100,Customer_3100,Hyderabad,Consumer,2024-05-20
3101,Customer_3101,Hyderabad,Consumer,2022-01-25
3102,Customer_3102,Pune,Corporate,2023-12-13
3103,Customer_3103,Mumbai,Consumer,2024-07-06
3104,Customer_3104,Bangalore,Consumer,2023-08-24
3105,Customer_3105,Mumbai,Consumer,2024-05-15
3106,Customer_3106,Pune,Consumer,2024-08-29
3107,Customer_3107,Bangalore,Corporate,2023-10-07
3108,Customer_3108,Kolkata,Consumer,2024-03-25
3109,Customer_3109,Hyderabad,Corporate,2023-06-28
3110,Customer_3110,Pune,Consumer,2022-09-16
3111,Customer_3111,Kolkata,Consumer,2022-06-07
3112,Customer_3112,Hyderabad,Consumer,2023-05-15
3113,Customer_3113,Delhi,Consumer,2023-02-25
3114,Customer_3114,Chennai,Corporate,2023-12-15
3115,Customer_3115,Pune,Corporate,2022-02-22
3116,Customer_3116,Delhi,Corporate,2022-10-28
3117,Customer_3117,Pune,Home Office,2022-03-14
3118,Customer_3118,Pune,Consumer,2022-09-03
3119,Customer_3119,Delhi,Consumer,2022-12-25
3120,Customer_3120,Bangalore,Corporate,2023-12-14
3121,Customer_3121,Mumbai,Home Office,2024-05-25
3122,Customer_3122,Hyderabad,Consumer,2024-06-17
3123,Customer_3123,Pune,Corporate,2023-10-18
3124,Customer_3124,Hyderabad,Consumer,2022-10-27
3125,Customer_3125,Chennai,Consumer,2022-10-09
3126,Customer_3126,Delhi,Corporate,2022-10-23
3127,Customer_3127,Hyderabad,Corporate,2022-04-16
3128,Customer_3128,Delhi,Consumer,2023-12-29
3129,Customer_3129,Hyderabad,Consumer,2022-05-26
3130,Customer_3130,Mumbai,Corporate,2022-12-18
3131,Customer_3131,Mumbai,Consumer,2023-10-07
3132,Customer_3132,Mumbai,Consumer,2024-07-19
3133,Customer_3133,Mumbai,Corporate,2023-10-26
3134,Customer_3134,Mumbai,Consumer,2024-02-02
3135,Customer_3135,Mumbai,Consumer,2023-05-21
3136,Customer_3136,Delhi,Home Office,2022-04-09
3137,Customer_3137,Pune,Corporate,2024-07-09
3138,Customer_3138,Hyderabad,Home Office,2024-01-10
3139,Customer_3139,Mumbai,Home Office,2022-10-02
3140,Customer_3140,Delhi,Home Office,2022-07-03
3141,Customer_3141,Delhi,Consumer,2023-08-25
3142,Customer_3142,Delhi,Consumer,2022-06-02
3143,Customer_3143,Pune,Home Office,2023-08-27
3144,Customer_3144,Hyderabad,Home Office,2024-09-20
3145,Customer_3145,Pune,Home Office,2023-04-17
3146,Customer_3146,Bangalore,Consumer,2024-09-14
3147,Customer_3147,Kolkata,Home Office,2022-09-09
3148,Customer_3148,Delhi,Home Office,2022-08-30
3149,Customer_3149,Bangalore,Corporate,2024-04-16
3150,Customer_3150,Chennai,Corporate,2022-01-01
3151,Customer_3151,Mumbai,Consumer,2023-06-04
3152,Customer_3152,Kolkata,Corporate,2022-12-08
3153,Customer_3153,Mumbai,Corporate,2024-09-01
3154,Customer_3154,Pune,Corporate,2023-09-03
3155,Customer_3155,Kolkata,Consumer,2022-05-16
3156,Customer_3156,Hyderabad,Corporate,2023-02-15
3157,Customer_3157,Bangalore,Consumer,2024-06-30
3158,Customer_3158,Hyderabad,Home Office,2024-04-21
3159,Customer_3159,Pune,Corporate,2023-12-17
3160,Customer_3160,Mumbai,Consumer,2023-06-28
3161,Customer_3161,Kolkata,Corporate,2023-02-07
3162,Customer_3162,Hyderabad,Home Office,2022-01-30
3163,Customer_3163,Hyderabad,Consumer,2022-09-18
3164,Customer_3164,Mumbai,Consumer,2023-04-07
3165,Customer_3165,Kolkata,Consumer,2024-07-13
3166,Customer_3166,Bangalore,Home Office,2024-03-03
3167,Customer_3167,Mumbai,Home Office,2023-02-19
3168,Customer_3168,Hyderabad,Home Office,2022-12-08
3169,Customer_3169,Bangalore,Consumer,2024-06-17
3170,Customer_3170,Bangalore,Home Office,2024-06-07
3171,Customer_3171,Mumbai,Corporate,2022-12-13
3172,Customer_3172,Hyderabad,Home Office,2024-06-16
3173,Customer_3173,Pune,Consumer,2024-03-13
3174,Customer_3174,Hyderabad,Corporate,2024-03-20
3175,Customer_3175,Delhi,Home Office,2022-04-06
3176,Customer_3176,Kolkata,Corporate,2024-01-14
3177,Customer_3177,Chennai,Corporate,2023-03-07
3178,Customer_3178,Pune,Consumer,2023-11-12
3179,Customer_3179,Bangalore,Corporate,2024-04-13
3180,Customer_3180,Pune,Corporate,2022-07-02
3181,Customer_3181,Kolkata,Consumer,2022-06-07
3182,Customer_3182,Bangalore,Consumer,2022-07-13
3183,Customer_3183,Kolkata,Consumer,2024-08-30
3184,Customer_3184,Bangalore,Corporate,2024-02-18
3185,Customer_3185,Pune,Corporate,2024-08-15
3186,Customer_3186,Bangalore,Corporate,2023-04-10
3187,Customer_3187,Bangalore,Consumer,2024-03-05
3188,Customer_3188,Delhi,Home Office,2022-09-07
3189,Customer_3189,Hyderabad,Corporate,2023-08-24
3190,Customer_3190,Hyderabad,Home Office,2022-05-21
3191,Customer_3191,Chennai,Consumer,2023-04-11
3192,Customer_3192,Chennai,Corporate,2022-07-01
3193,Customer_3193,Delhi,Home Office,2023-05-13
3194,Customer_3194,Chennai,Corporate,2022-12-03
3195,Customer_3195,Kolkata,Corporate,2024-06-01
3196,Customer_3196,Pune,Corporate,2024-03-02
3197,Customer_3197,Mumbai,Home Office,2022-08-05
3198,Customer_3198,Kolkata,Consumer,2024-07-01
3199,Customer_3199,Mumbai,Corporate,2024-03-09
3200,Customer_3200,Mumbai,Consumer,2023-12-13
3201,Customer_3201,Delhi,Consumer,2023-11-05
3202,Customer_3202,Kolkata,Home Office,2024-05-04
3203,Customer_3203,Delhi,Home Office,2023-02-27
3204,Customer_3204,Bangalore,Consumer,2023-02-15
3205,Customer_3205,Mumbai,Corporate,2024-03-08
3206,Customer_3206,Pune,Home Office,2022-07-08
3207,Customer_3207,Chennai,Corporate,2024-09-08
3208,Customer_3208,Pune,Corporate,2023-06-10
3209,Customer_3209,Chennai,Corporate,2024-05-19
3210,Customer_3210,Mumbai,Consumer,2024-01-19
3211,Customer_3211,Mumbai,Corporate,2024-04-18
3212,Customer_3212,Mumbai,Consumer,2024-01-10
3213,Customer_3213,Delhi,Consumer,2024-06-27
3214,Customer_3214,Kolkata,Corporate,2023-01-04
3215,Customer_3215,Chennai,Corporate,2022-05-08
3216,Customer_3216,Kolkata,Corporate,2023-12-26
3217,Customer_3217,Delhi,Corporate,2022-10-27
3218,Customer_3218,Delhi,Consumer,2022-09-06
3219,Customer_3219,Hyderabad,Corporate,2024-05-06
3220,Customer_3220,Pune,Corporate,2023-09-01
3221,Customer_3221,Pune,Consumer,2023-06-29
3222,Customer_3222,Bangalore,Home Office,2023-12-16
3223,Customer_3223,Delhi,Home Office,2022-01-21
3224,Customer_3224,Chennai,Consumer,2024-01-05
3225,Customer_3225,Hyderabad,Home Office,2024-04-23
3226,Customer_3226,Hyderabad,Consumer,2022-03-19
3227,Customer_3227,Kolkata,Corporate,2022-02-06
3228,Customer_3228,Pune,Corporate,2022-05-12
3229,Customer_3229,Delhi,Home Office,2023-11-08
3230,Customer_3230,Bangalore,Corporate,2024-06-17
3231,Customer_3231,Delhi,Home Office,2022-05-29
3232,Customer_3232,Kolkata,Home Office,2022-12-23
3233,Customer_3233,Mumbai,Corporate,2022-12-17
3234,Customer_3234,Delhi,Corporate,2023-05-23
3235,Customer_3235,Kolkata,Home Office,2022-07-13
3236,Customer_3236,Mumbai,Corporate,2022-06-18
3237,Customer_3237,Mumbai,Consumer,2023-07-08
3238,Customer_3238,Bangalore,Corporate,2022-02-09
3239,Customer_3239,Chennai,Corporate,2022-06-01
3240,Customer_3240,Pune,Consumer,2022-12-28
3241,Customer_3241,Delhi,Corporate,2024-05-23
3242,Customer_3242,Mumbai,Corporate,2022-11-15
3243,Customer_3243,Delhi,Home Office,2022-09-10
3244,Customer_3244,Chennai,Corporate,2024-07-05
3245,Customer_3245,Pune,Corporate,2024-08-13
3246,Customer_3246,Chennai,Consumer,2022-08-08
3247,Customer_3247,Pune,Home Office,2022-11-06
3248,Customer_3248,Hyderabad,Home Office,2022-07-08
3249,Customer_3249,Pune,Home Office,2022-10-16
3250,Customer_3250,Bangalore,Corporate,2023-07-28
3251,Customer_3251,Chennai,Home Office,2024-03-05
3252,Customer_3252,Mumbai,Consumer,2022-02-14
3253,Customer_3253,Hyderabad,Home Office,2024-04-03
3254,Customer_3254,Bangalore,Consumer,2022-06-19
3255,Customer_3255,Delhi,Home Office,2023-11-30
3256,Customer_3256,Chennai,Home Office,2023-02-03
3257,Customer_3257,Kolkata,Consumer,2024-04-26
3258,Customer_3258,Kolkata,Home Office,2023-10-05
3259,Customer_3259,Mumbai,Home Office,2023-07-03
3260,Customer_3260,Pune,Home Office,2022-01-17
3261,Customer_3261,Mumbai,Corporate,2024-05-25
3262,Customer_3262,Kolkata,Consumer,2023-03-16
3263,Customer_3263,Delhi,Home Office,2022-09-15
3264,Customer_3264,Hyderabad,Consumer,2023-09-08
3265,Customer_3265,Hyderabad,Consumer,2023-07-09
3266,Customer_3266,Chennai,Consumer,2023-04-06
3267,Customer_3267,Hyderabad,Home Office,2024-03-13
3268,Customer_3268,Chennai,Home Office,2023-09-29
3269,Customer_3269,Chennai,Consumer,2023-06-30
3270,Customer_3270,Chennai,Corporate,2022-02-14
3271,Customer_3271,Kolkata,Consumer,2022-05-25
3272,Customer_3272,Kolkata,Corporate,2024-03-13
3273,Customer_3273,Pune,Consumer,2022-03-06
3274,Customer_3274,Bangalore,Consumer,2023-04-15
3275,Customer_3275,Chennai,Consumer,2023-07-09
3276,Customer_3276,Chennai,Home Office,2024-06-12
3277,Customer_3277,Bangalore,Corporate,2022-06-29
3278,Customer_3278,Mumbai,Corporate,2024-01-27
3279,Customer_3279,Chennai,Consumer,2024-06-13
3280,Customer_3280,Pune,Home Office,2023-03-20
3281,Customer_3281,Hyderabad,Home Office,2022-10-20
3282,Customer_3282,Hyderabad,Corporate,2024-04-13
3283,Customer_3283,Delhi,Home Office,2022-10-31
3284,Customer_3284,Delhi,Corporate,2022-02-08
3285,Customer_3285,Hyderabad,Corporate,2022-11-30
3286,Customer_3286,Hyderabad,Corporate,2024-05-28
3287,Customer_3287,Kolkata,Home Office,2022-04-07
3288,Customer_3288,Pune,Corporate,2023-04-22
3289,Customer_3289,Bangalore,Corporate,2024-05-24
3290,Customer_3290,Delhi,Consumer,2024-03-20
3291,Customer_3291,Kolkata,Corporate,2023-12-28
3292,Customer_3292,Kolkata,Corporate,2023-06-19
3293,Customer_3293,Bangalore,Consumer,2024-01-09
3294,Customer_3294,Kolkata,Consumer,2022-07-16
3295,Customer_3295,Pune,Home Office,2024-09-15
3296,Customer_3296,Hyderabad,Corporate,2024-03-17
3297,Customer_3297,Chennai,Home Office,2023-07-16
3298,Customer_3298,Bangalore,Home Office,2023-11-11
3299,Customer_3299,Hyderabad,Consumer,2024-03-16
3300,Customer_3300,Hyderabad,Home Office,2022-05-10
3301,Customer_3301,Mumbai,Corporate,2024-01-22
3302,Customer_3302,Bangalore,Consumer,2023-08-06
3303,Customer_3303,Kolkata,Corporate,2024-07-30
3304,Customer_3304,Chennai,Corporate,2023-04-25
3305,Customer_3305,Bangalore,Consumer,2024-07-29
3306,Customer_3306,Kolkata,Corporate,2023-08-11
3307,Customer_3307,Hyderabad,Consumer,2022-04-19
3308,Customer_3308,Chennai,Corporate,2024-03-11
3309,Customer_3309,Kolkata,Consumer,2023-10-06
3310,Customer_3310,Pune,Home Office,2024-06-13
3311,Customer_3311,Kolkata,Corporate,2023-10-07
3312,Customer_3312,Mumbai,Consumer,2023-02-11
3313,Customer_3313,Hyderabad,Corporate,2023-04-13
3314,Customer_3314,Kolkata,Corporate,2022-02-06
3315,Customer_3315,Delhi,Corporate,2022-05-23
3316,Customer_3316,Delhi,Consumer,2022-10-21
3317,Customer_3317,Mumbai,Home Office,2022-07-16
3318,Customer_3318,Pune,Home Office,2022-08-19
3319,Customer_3319,Hyderabad,Home Office,2022-02-21
3320,Customer_3320,Bangalore,Consumer,2023-03-21
3321,Customer_3321,Mumbai,Home Office,2023-02-19
3322,Customer_3322,Pune,Consumer,2022-04-23
3323,Customer_3323,Bangalore,Corporate,2022-07-23
3324,Customer_3324,Delhi,Corporate,2023-03-17
3325,Customer_3325,Delhi,Home Office,2022-06-03
3326,Customer_3326,Bangalore,Consumer,2023-09-14
3327,Customer_3327,Mumbai,Corporate,2022-10-25
3328,Customer_3328,Delhi,Consumer,2022-01-01
3329,Customer_3329,Hyderabad,Consumer,2023-03-06
3330,Customer_3330,Chennai,Corporate,2024-01-05
3331,Customer_3331,Kolkata,Consumer,2022-01-07
3332,Customer_3332,Bangalore,Corporate,2022-01-18
3333,Customer_3333,Bangalore,Corporate,2022-04-05
3334,Customer_3334,Delhi,Corporate,2022-11-21
3335,Customer_3335,Mumbai,Consumer,2024-06-12
3336,Customer_3336,Hyderabad,Corporate,2022-03-23
3337,Customer_3337,Mumbai,Consumer,2023-06-02
3338,Customer_3338,Pune,Corporate,2023-12-19
3339,Customer_3339,Pune,Corporate,2024-03-20
3340,Customer_3340,Chennai,Home Office,2023-05-26
3341,Customer_3341,Delhi,Home Office,2024-08-16
3342,Customer_3342,Delhi,Home Office,2022-07-08
3343,Customer_3343,Delhi,Consumer,2023-06-12
3344,Customer_3344,Chennai,Consumer,2022-09-04
3345,Customer_3345,Pune,Corporate,2024-07-24
3346,Customer_3346,Mumbai,Corporate,2022-01-03
3347,Customer_3347,Chennai,Corporate,2023-09-10
3348,Customer_3348,Chennai,Corporate,2024-05-25
3349,Customer_3349,Mumbai,Consumer,2023-12-01
3350,Customer_3350,Delhi,Corporate,2023-09-21
3351,Customer_3351,Hyderabad,Corporate,2022-02-10
3352,Customer_3352,Mumbai,Home Office,2023-06-20
3353,Customer_3353,Pune,Corporate,2023-11-02
3354,Customer_3354,Bangalore,Corporate,2022-10-09
3355,Customer_3355,Bangalore,Corporate,2022-06-26
3356,Customer_3356,Kolkata,Consumer,2023-03-09
3357,Customer_3357,Kolkata,Home Office,2022-11-18
3358,Customer_3358,Chennai,Corporate,2022-02-19
3359,Customer_3359,Bangalore,Corporate,2024-06-04
3360,Customer_3360,Hyderabad,Home Office,2024-05-06
3361,Customer_3361,Delhi,Corporate,2022-05-03
3362,Customer_3362,Pune,Consumer,2022-10-18
3363,Customer_3363,Kolkata,Corporate,2022-10-21
3364,Customer_3364,Hyderabad,Consumer,2024-06-17
3365,Customer_3365,Pune,Consumer,2022-01-28
3366,Customer_3366,Pune,Corporate,2024-01-15
3367,Customer_3367,Delhi,Home Office,2022-07-31
3368,Customer_3368,Chennai,Consumer,2022-01-12
3369,Customer_3369,Bangalore,Home Office,2022-11-12
3370,Customer_3370,Delhi,Corporate,2024-07-25
3371,Customer_3371,Hyderabad,Consumer,2024-08-05
3372,Customer_3372,Chennai,Corporate,2023-02-09
3373,Customer_3373,Hyderabad,Home Office,2022-12-22
3374,Customer_3374,Chennai,Corporate,2023-03-17
3375,Customer_3375,Kolkata,Corporate,2022-03-02
3376,Customer_3376,Hyderabad,Consumer,2023-06-18
3377,Customer_3377,Delhi,Corporate,2024-02-29
3378,Customer_3378,Chennai,Corporate,2023-12-09
3379,Customer_3379,Chennai,Corporate,2022-06-02
3380,Customer_3380,Pune,Consumer,2023-12-15
3381,Customer_3381,Pune,Home Office,2023-01-12
3382,Customer_3382,Mumbai,Home Office,2023-07-20
3383,Customer_3383,Hyderabad,Corporate,2022-05-22
3384,Customer_3384,Pune,Consumer,2023-07-22
3385,Customer_3385,Mumbai,Corporate,2023-10-13
3386,Customer_3386,Kolkata,Home Office,2024-06-06
3387,Customer_3387,Kolkata,Consumer,2023-02-15
3388,Customer_3388,Pune,Home Office,2024-01-13
3389,Customer_3389,Hyderabad,Home Office,2023-02-11
3390,Customer_3390,Chennai,Consumer,2023-05-20
3391,Customer_3391,Bangalore,Consumer,2023-05-27
3392,Customer_3392,Hyderabad,Corporate,2023-04-05
3393,Customer_3393,Delhi,Corporate,2023-05-30
3394,Customer_3394,Kolkata,Home Office,2024-08-08
3395,Customer_3395,Pune,Consumer,2023-08-29
3396,Customer_3396,Pune,Consumer,2022-10-18
3397,Customer_3397,Chennai,Corporate,2023-07-06
3398,Customer_3398,Delhi,Home Office,2024-02-19
3399,Customer_3399,Chennai,Home Office,2022-09-14
3400,Customer_3400,Delhi,Corporate,2022-09-06
3401,Customer_3401,Bangalore,Consumer,2022-05-15
3402,Customer_3402,Kolkata,Corporate,2023-11-13
3403,Customer_3403,Pune,Corporate,2022-04-06
3404,Customer_3404,Pune,Corporate,2023-07-15
3405,Customer_3405,Bangalore,Corporate,2023-01-27
3406,Customer_3406,Mumbai,Consumer,2023-05-09
3407,Customer_3407,Kolkata,Corporate,2022-07-04
3408,Customer_3408,Chennai,Consumer,2022-08-16
3409,Customer_3409,Bangalore,Corporate,2023-02-14
3410,Customer_3410,Chennai,Home Office,2023-09-23
3411,Customer_3411,Hyderabad,Consumer,2024-03-05
3412,Customer_3412,Pune,Home Office,2023-06-16
3413,Customer_3413,Chennai,Corporate,2022-11-21
3414,Customer_3414,Delhi,Corporate,2022-01-21
3415,Customer_3415,Chennai,Corporate,2024-08-28
3416,Customer_3416,Hyderabad,Consumer,2024-02-13
3417,Customer_3417,Kolkata,Home Office,2024-04-18
3418,Customer_3418,Pune,Consumer,2022-08-07
3419,Customer_3419,Bangalore,Consumer,2023-03-25
3420,Customer_3420,Hyderabad,Corporate,2024-05-15
3421,Customer_3421,Pune,Home Office,2023-07-06
3422,Customer_3422,Chennai,Corporate,2024-01-01
3423,Customer_3423,Kolkata,Consumer,2024-07-11
3424,Customer_3424,Mumbai,Corporate,2024-08-01
3425,Customer_3425,Kolkata,Home Office,2023-09-04
3426,Customer_3426,Mumbai,Corporate,2022-07-20
3427,Customer_3427,Delhi,Home Office,2023-04-03
3428,Customer_3428,Kolkata,Home Office,2023-07-13
3429,Customer_3429,Pune,Corporate,2024-05-05
3430,Customer_3430,Mumbai,Consumer,2022-09-22
3431,Customer_3431,Bangalore,Corporate,2023-04-24
3432,Customer_3432,Pune,Consumer,2024-01-16
3433,Customer_3433,Bangalore,Consumer,2023-09-14
3434,Customer_3434,Kolkata,Corporate,2023-09-19
3435,Customer_3435,Bangalore,Consumer,2023-06-13
3436,Customer_3436,Mumbai,Consumer,2023-12-13
3437,Customer_3437,Pune,Corporate,2023-06-03
3438,Customer_3438,Chennai,Corporate,2023-07-03
3439,Customer_3439,Hyderabad,Corporate,2023-04-26
3440,Customer_3440,Mumbai,Consumer,2022-01-14
3441,Customer_3441,Mumbai,Home Office,2023-11-08
3442,Customer_3442,Chennai,Consumer,2023-10-08
3443,Customer_3443,Pune,Home Office,2022-01-22
3444,Customer_3444,Pune,Corporate,2024-03-04
3445,Customer_3445,Kolkata,Home Office,2024-02-10
3446,Customer_3446,Bangalore,Corporate,2023-10-08
3447,Customer_3447,Kolkata,Corporate,2023-09-23
3448,Customer_3448,Chennai,Home Office,2024-08-09
3449,Customer_3449,Kolkata,Corporate,2023-04-22
3450,Customer_3450,Chennai,Home Office,2023-01-27
3451,Customer_3451,Pune,Corporate,2024-06-07
3452,Customer_3452,Bangalore,Consumer,2022-05-27
3453,Customer_3453,Kolkata,Consumer,2022-03-17
3454,Customer_3454,Mumbai,Corporate,2023-07-09
3455,Customer_3455,Delhi,Corporate,2022-02-23
3456,Customer_3456,Hyderabad,Home Office,2023-03-22
3457,Customer_3457,Mumbai,Consumer,2024-02-25
3458,Customer_3458,Pune,Home Office,2022-06-15
3459,Customer_3459,Hyderabad,Corporate,2024-08-19
3460,Customer_3460,Delhi,Corporate,2023-03-11
3461,Customer_3461,Delhi,Home Office,2022-06-16
3462,Customer_3462,Bangalore,Corporate,2022-04-04
3463,Customer_3463,Hyderabad,Consumer,2022-10-14
3464,Customer_3464,Bangalore,Home Office,2023-01-31
3465,Customer_3465,Mumbai,Consumer,2022-03-14
3466,Customer_3466,Chennai,Consumer,2023-02-28
3467,Customer_3467,Chennai,Consumer,2024-06-30
3468,Customer_3468,Chennai,Home Office,2024-03-16
3469,Customer_3469,Hyderabad,Corporate,2022-12-26
3470,Customer_3470,Chennai,Consumer,2023-08-24
3471,Customer_3471,Mumbai,Consumer,2023-08-08
3472,Customer_3472,Bangalore,Consumer,2022-07-27
3473,Customer_3473,Hyderabad,Corporate,2024-08-23
3474,Customer_3474,Bangalore,Corporate,2023-05-02
3475,Customer_3475,Hyderabad,Home Office,2023-06-03
3476,Customer_3476,Bangalore,Corporate,2022-12-27
3477,Customer_3477,Delhi,Home Office,2024-02-23
3478,Customer_3478,Bangalore,Home Office,2024-06-24
3479,Customer_3479,Chennai,Home Office,2024-05-03
3480,Customer_3480,Delhi,Home Office,2022-03-18
3481,Customer_3481,Bangalore,Home Office,2023-04-30
3482,Customer_3482,Hyderabad,Consumer,2024-06-23
3483,Customer_3483,Hyderabad,Corporate,2024-05-12
3484,Customer_3484,Hyderabad,Consumer,2023-07-27
3485,Customer_3485,Pune,Home Office,2023-12-22
3486,Customer_3486,Mumbai,Corporate,2022-10-29
3487,Customer_3487,Hyderabad,Consumer,2023-03-19
3488,Customer_3488,Delhi,Consumer,2022-04-23
3489,Customer_3489,Hyderabad,Home Office,2022-11-20
3490,Customer_3490,Pune,Consumer,2024-05-18
3491,Customer_3491,Chennai,Consumer,2023-07-22
3492,Customer_3492,Delhi,Consumer,2022-01-04
3493,Customer_3493,Pune,Consumer,2024-06-17
3494,Customer_3494,Chennai,Consumer,2023-05-02
3495,Customer_3495,Kolkata,Home Office,2024-01-22
3496,Customer_3496,Kolkata,Home Office,2022-07-08
3497,Customer_3497,Delhi,Consumer,2022-01-09
3498,Customer_3498,Bangalore,Home Office,2024-04-10
3499,Customer_3499,Mumbai,Home Office,2024-02-25
3500,Customer_3500,Mumbai,Corporate,2023-09-27
3501,Customer_3501,Pune,Consumer,2022-09-24
3502,Customer_3502,Chennai,Home Office,2023-01-29
3503,Customer_3503,Mumbai,Home Office,2024-06-20
3504,Customer_3504,Chennai,Consumer,2022-05-16
3505,Customer_3505,Chennai,Corporate,2024-08-05
3506,Customer_3506,Pune,Consumer,2024-08-23
3507,Customer_3507,Pune,Corporate,2023-04-20
3508,Customer_3508,Pune,Consumer,2022-08-22
3509,Customer_3509,Mumbai,Consumer,2022-04-01
3510,Customer_3510,Kolkata,Consumer,2024-05-16
3511,Customer_3511,Pune,Consumer,2024-09-02
3512,Customer_3512,Mumbai,Corporate,2022-07-25
3513,Customer_3513,Pune,Corporate,2022-03-15
3514,Customer_3514,Hyderabad,Home Office,2023-04-24
3515,Customer_3515,Chennai,Consumer,2022-02-12
3516,Customer_3516,Pune,Corporate,2022-05-04
3517,Customer_3517,Delhi,Corporate,2023-06-13
3518,Customer_3518,Chennai,Corporate,2022-04-12
3519,Customer_3519,Chennai,Consumer,2022-08-10
3520,Customer_3520,Pune,Home Office,2022-07-09
3521,Customer_3521,Kolkata,Corporate,2023-02-26
3522,Customer_3522,Bangalore,Consumer,2022-10-03
3523,Customer_3523,Kolkata,Corporate,2022-01-24
3524,Customer_3524,Pune,Corporate,2023-02-28
3525,Customer_3525,Chennai,Home Office,2022-02-10
3526,Customer_3526,Delhi,Corporate,2023-05-10
3527,Customer_3527,Chennai,Corporate,2022-06-27
3528,Customer_3528,Kolkata,Consumer,2023-06-18
3529,Customer_3529,Delhi,Consumer,2023-10-10
3530,Customer_3530,Mumbai,Home Office,2022-03-29
3531,Customer_3531,Hyderabad,Consumer,2023-10-18
3532,Customer_3532,Chennai,Consumer,2023-04-18
3533,Customer_3533,Pune,Home Office,2023-12-06
3534,Customer_3534,Mumbai,Corporate,2023-08-16
3535,Customer_3535,Hyderabad,Home Office,2024-06-01
3536,Customer_3536,Pune,Consumer,2023-10-27
3537,Customer_3537,Bangalore,Home Office,2023-03-07
3538,Customer_3538,Pune,Corporate,2022-02-05
3539,Customer_3539,Delhi,Home Office,2024-01-07
3540,Customer_3540,Delhi,Consumer,2023-07-23
3541,Customer_3541,Bangalore,Consumer,2022-05-27
3542,Customer_3542,Mumbai,Home Office,2023-10-18
3543,Customer_3543,Hyderabad,Corporate,2023-04-04
3544,Customer_3544,Pune,Home Office,2024-07-06
3545,Customer_3545,Delhi,Corporate,2023-04-20
3546,Customer_3546,Mumbai,Corporate,2022-04-07
3547,Customer_3547,Bangalore,Home Office,2024-08-25
3548,Customer_3548,Kolkata,Corporate,2023-02-08
3549,Customer_3549,Chennai,Consumer,2024-09-19
3550,Customer_3550,Kolkata,Home Office,2022-08-15
3551,Customer_3551,Kolkata,Corporate,2022-04-12
3552,Customer_3552,Delhi,Consumer,2022-01-30
3553,Customer_3553,Bangalore,Home Office,2024-02-13
3554,Customer_3554,Pune,Consumer,2022-02-07
3555,Customer_3555,Kolkata,Consumer,2024-01-25
3556,Customer_3556,Kolkata,Consumer,2023-08-06
3557,Customer_3557,Hyderabad,Corporate,2022-01-27
3558,Customer_3558,Delhi,Home Office,2023-01-27
3559,Customer_3559,Delhi,Home Office,2022-04-12
3560,Customer_3560,Pune,Corporate,2024-07-29
3561,Customer_3561,Chennai,Home Office,2022-04-27
3562,Customer_3562,Mumbai,Consumer,2024-03-26
3563,Customer_3563,Hyderabad,Home Office,2022-09-25
3564,Customer_3564,Delhi,Corporate,2022-12-31
3565,Customer_3565,Hyderabad,Consumer,2022-07-19
3566,Customer_3566,Delhi,Corporate,2024-01-06
3567,Customer_3567,Hyderabad,Consumer,2022-12-10
3568,Customer_3568,Bangalore,Consumer,2024-05-12
3569,Customer_3569,Kolkata,Home Office,2022-03-24
3570,Customer_3570,Delhi,Consumer,2023-01-01
3571,Customer_3571,Hyderabad,Corporate,2024-09-08
3572,Customer_3572,Mumbai,Home Office,2022-05-18
3573,Customer_3573,Bangalore,Corporate,2023-03-20
3574,Customer_3574,Bangalore,Consumer,2022-10-25
3575,Customer_3575,Mumbai,Corporate,2022-01-30
3576,Customer_3576,Hyderabad,Corporate,2024-01-03
3577,Customer_3577,Pune,Consumer,2022-08-08
3578,Customer_3578,Mumbai,Home Office,2023-11-25
3579,Customer_3579,Hyderabad,Corporate,2023-11-14
3580,Customer_3580,Mumbai,Consumer,2024-04-23
3581,Customer_3581,Mumbai,Home Office,2022-11-26
3582,Customer_3582,Delhi,Home Office,2023-04-16
3583,Customer_3583,Hyderabad,Home Office,2022-01-27
3584,Customer_3584,Pune,Corporate,2023-10-28
3585,Customer_3585,Kolkata,Corporate,2024-09-21
3586,Customer_3586,Delhi,Corporate,2023-01-14
3587,Customer_3587,Mumbai,Home Office,2022-03-18
3588,Customer_3588,Kolkata,Corporate,2023-05-03
3589,Customer_3589,Chennai,Consumer,2023-06-08
3590,Customer_3590,Kolkata,Corporate,2022-12-12
3591,Customer_3591,Mumbai,Corporate,2022-11-07
3592,Customer_3592,Mumbai,Home Office,2023-09-10
3593,Customer_3593,Hyderabad,Corporate,2024-06-27
3594,Customer_3594,Hyderabad,Consumer,2023-01-02
3595,Customer_3595,Delhi,Home Office,2023-06-05
3596,Customer_3596,Pune,Consumer,2023-06-09
3597,Customer_3597,Delhi,Home Office,2022-10-25
3598,Customer_3598,Bangalore,Home Office,2023-02-02
3599,Customer_3599,Mumbai,Corporate,2022-06-16
3600,Customer_3600,Kolkata,Consumer,2023-07-24
3601,Customer_3601,Chennai,Home Office,2022-11-16
3602,Customer_3602,Mumbai,Corporate,2023-10-21
3603,Customer_3603,Mumbai,Home Office,2022-02-28
3604,Customer_3604,Delhi,Home Office,2022-07-08
3605,Customer_3605,Chennai,Home Office,2022-11-19
3606,Customer_3606,Chennai,Home Office,2023-06-23
3607,Customer_3607,Chennai,Home Office,2022-11-21
3608,Customer_3608,Delhi,Home Office,2022-09-12
3609,Customer_3609,Mumbai,Corporate,2023-09-16
3610,Customer_3610,Delhi,Home Office,2024-05-06
3611,Customer_3611,Hyderabad,Consumer,2023-05-11
3612,Customer_3612,Hyderabad,Corporate,2024-01-03
3613,Customer_3613,Delhi,Consumer,2023-09-18
3614,Customer_3614,Chennai,Home Office,2023-12-30
3615,Customer_3615,Mumbai,Consumer,2022-07-21
3616,Customer_3616,Delhi,Home Office,2022-03-11
3617,Customer_3617,Delhi,Home Office,2023-02-10
3618,Customer_3618,Delhi,Corporate,2024-03-08
3619,Customer_3619,Bangalore,Corporate,2024-03-22
3620,Customer_3620,Hyderabad,Home Office,2023-03-25
3621,Customer_3621,Kolkata,Corporate,2022-07-08
3622,Customer_3622,Chennai,Consumer,2024-02-15
3623,Customer_3623,Pune,Corporate,2022-05-13
3624,Customer_3624,Kolkata,Corporate,2022-01-10
3625,Customer_3625,Chennai,Consumer,2023-11-06
3626,Customer_3626,Pune,Corporate,2024-03-09
3627,Customer_3627,Bangalore,Home Office,2023-08-21
3628,Customer_3628,Delhi,Consumer,2022-07-24
3629,Customer_3629,Bangalore,Home Office,2022-10-19
3630,Customer_3630,Bangalore,Consumer,2024-04-28
3631,Customer_3631,Kolkata,Home Office,2022-09-21
3632,Customer_3632,Mumbai,Home Office,2023-06-30
3633,Customer_3633,Kolkata,Corporate,2022-09-24
3634,Customer_3634,Hyderabad,Home Office,2024-01-02
3635,Customer_3635,Pune,Corporate,2024-07-16
3636,Customer_3636,Delhi,Consumer,2024-04-22
3637,Customer_3637,Kolkata,Home Office,2024-08-23
3638,Customer_3638,Pune,Home Office,2022-07-08
3639,Customer_3639,Chennai,Consumer,2023-11-20
3640,Customer_3640,Pune,Consumer,2022-08-20
3641,Customer_3641,Chennai,Home Office,2022-03-29
3642,Customer_3642,Kolkata,Consumer,2022-02-16
3643,Customer_3643,Hyderabad,Corporate,2024-09-24
3644,Customer_3644,Kolkata,Consumer,2022-01-22
3645,Customer_3645,Chennai,Consumer,2022-11-06
3646,Customer_3646,Pune,Home Office,2024-06-16
3647,Customer_3647,Pune,Corporate,2024-03-12
3648,Customer_3648,Chennai,Consumer,2024-09-16
3649,Customer_3649,Bangalore,Corporate,2022-04-11
3650,Customer_3650,Hyderabad,Corporate,2023-08-31
3651,Customer_3651,Mumbai,Corporate,2022-11-09
3652,Customer_3652,Delhi,Home Office,2022-01-07
3653,Customer_3653,Pune,Consumer,2023-10-23
3654,Customer_3654,Delhi,Home Office,2022-12-18
3655,Customer_3655,Mumbai,Consumer,2023-01-04
3656,Customer_3656,Kolkata,Consumer,2024-07-01
3657,Customer_3657,Delhi,Home Office,2022-12-26
3658,Customer_3658,Mumbai,Corporate,2024-04-19
3659,Customer_3659,Chennai,Corporate,2022-07-12
3660,Customer_3660,Bangalore,Consumer,2024-09-04
3661,Customer_3661,Pune,Home Office,2023-10-07
3662,Customer_3662,Mumbai,Corporate,2022-12-08
3663,Customer_3663,Delhi,Corporate,2022-08-16
3664,Customer_3664,Pune,Consumer,2022-08-28
3665,Customer_3665,Bangalore,Consumer,2022-07-25
3666,Customer_3666,Chennai,Home Office,2022-02-08
3667,Customer_3667,Kolkata,Consumer,2023-06-19
3668,Customer_3668,Pune,Corporate,2023-02-23
3669,Customer_3669,Kolkata,Corporate,2024-01-10
3670,Customer_3670,Mumbai,Corporate,2023-04-05
3671,Customer_3671,Bangalore,Corporate,2024-06-06
3672,Customer_3672,Delhi,Home Office,2022-05-22
3673,Customer_3673,Bangalore,Home Office,2023-05-11
3674,Customer_3674,Bangalore,Consumer,2023-05-19
3675,Customer_3675,Hyderabad,Consumer,2023-11-06
3676,Customer_3676,Bangalore,Consumer,2022-08-28
3677,Customer_3677,Bangalore,Home Office,2024-07-11
3678,Customer_3678,Pune,Corporate,2023-02-21
3679,Customer_3679,Delhi,Consumer,2022-10-29
3680,Customer_3680,Pune,Corporate,2022-02-04
3681,Customer_3681,Pune,Consumer,2023-05-17
3682,Customer_3682,Mumbai,Consumer,2022-07-20
3683,Customer_3683,Pune,Consumer,2022-07-17
3684,Customer_3684,Hyderabad,Consumer,2022-11-12
3685,Customer_3685,Hyderabad,Consumer,2023-07-16
3686,Customer_3686,Kolkata,Corporate,2024-04-27
3687,Customer_3687,Mumbai,Consumer,2022-01-28
3688,Customer_3688,Kolkata,Corporate,2023-03-22
3689,Customer_3689,Kolkata,Home Office,2023-04-30
3690,Customer_3690,Chennai,Consumer,2023-12-15
3691,Customer_3691,Delhi,Corporate,2024-05-05
3692,Customer_3692,Delhi,Home Office,2022-02-24
3693,Customer_3693,Pune,Home Office,2024-07-10
3694,Customer_3694,Pune,Home Office,2024-04-23
3695,Customer_3695,Chennai,Corporate,2022-03-21
3696,Customer_3696,Pune,Consumer,2024-04-10
3697,Customer_3697,Delhi,Consumer,2023-03-23
3698,Customer_3698,Kolkata,Corporate,2024-04-13
3699,Customer_3699,Bangalore,Consumer,2023-12-01
3700,Customer_3700,Hyderabad,Corporate,2023-04-22
3701,Customer_3701,Bangalore,Consumer,2022-11-26
3702,Customer_3702,Bangalore,Home Office,2023-06-29
3703,Customer_3703,Delhi,Consumer,2024-02-26
3704,Customer_3704,Bangalore,Corporate,2022-03-19
3705,Customer_3705,Chennai,Corporate,2024-06-10
3706,Customer_3706,Mumbai,Home Office,2023-05-26
3707,Customer_3707,Pune,Corporate,2024-06-13
3708,Customer_3708,Mumbai,Consumer,2023-08-03
3709,Customer_3709,Kolkata,Consumer,2024-06-29
3710,Customer_3710,Hyderabad,Home Office,2023-05-20
3711,Customer_3711,Pune,Corporate,2024-04-16
3712,Customer_3712,Bangalore,Home Office,2024-03-19
3713,Customer_3713,Hyderabad,Consumer,2022-08-08
3714,Customer_3714,Pune,Home Office,2022-10-29
3715,Customer_3715,Chennai,Corporate,2023-11-02
3716,Customer_3716,Chennai,Home Office,2023-08-24
3717,Customer_3717,Chennai,Corporate,2022-01-12
3718,Customer_3718,Chennai,Corporate,2023-07-12
3719,Customer_3719,Bangalore,Consumer,2024-06-07
3720,Customer_3720,Mumbai,Consumer,2024-03-06
3721,Customer_3721,Pune,Consumer,2022-09-09
3722,Customer_3722,Bangalore,Corporate,2022-07-24
3723,Customer_3723,Chennai,Home Office,2023-03-27
3724,Customer_3724,Kolkata,Corporate,2022-10-02
3725,Customer_3725,Mumbai,Consumer,2022-12-18
3726,Customer_3726,Kolkata,Consumer,2023-03-06
3727,Customer_3727,Hyderabad,Home Office,2024-08-02
3728,Customer_3728,Kolkata,Consumer,2022-02-28
3729,Customer_3729,Hyderabad,Consumer,2022-08-02
3730,Customer_3730,Hyderabad,Consumer,2022-08-03
3731,Customer_3731,Chennai,Home Office,2022-04-20
3732,Customer_3732,Hyderabad,Corporate,2022-11-22
3733,Customer_3733,Delhi,Consumer,2023-07-24
3734,Customer_3734,Pune,Home Office,2023-10-17
3735,Customer_3735,Pune,Consumer,2024-01-20
3736,Customer_3736,Chennai,Home Office,2023-10-25
3737,Customer_3737,Delhi,Consumer,2024-06-10
3738,Customer_3738,Kolkata,Home Office,2022-04-09
3739,Customer_3739,Bangalore,Consumer,2022-06-29
3740,Customer_3740,Kolkata,Corporate,2022-06-25
3741,Customer_3741,Bangalore,Consumer,2024-09-05
3742,Customer_3742,Hyderabad,Home Office,2022-01-05
3743,Customer_3743,Mumbai,Consumer,2024-06-14
3744,Customer_3744,Bangalore,Corporate,2024-05-17
3745,Customer_3745,Mumbai,Consumer,2024-09-27
3746,Customer_3746,Pune,Home Office,2023-03-05
3747,Customer_3747,Mumbai,Home Office,2022-08-23
3748,Customer_3748,Pune,Corporate,2023-07-04
3749,Customer_3749,Delhi,Home Office,2022-09-09
3750,Customer_3750,Delhi,Consumer,2024-09-19
3751,Customer_3751,Chennai,Consumer,2022-11-24
3752,Customer_3752,Chennai,Consumer,2022-02-02
3753,Customer_3753,Hyderabad,Home Office,2024-02-29
3754,Customer_3754,Bangalore,Consumer,2024-02-28
3755,Customer_3755,Hyderabad,Consumer,2022-08-11
3756,Customer_3756,Pune,Consumer,2022-09-06
3757,Customer_3757,Hyderabad,Corporate,2024-08-10
3758,Customer_3758,Mumbai,Home Office,2024-08-02
3759,Customer_3759,Pune,Home Office,2024-08-24
3760,Customer_3760,Chennai,Home Office,2022-03-20
3761,Customer_3761,Delhi,Corporate,2024-03-20
3762,Customer_3762,Chennai,Home Office,2023-04-03
3763,Customer_3763,Bangalore,Corporate,2023-02-16
3764,Customer_3764,Pune,Corporate,2023-05-19
3765,Customer_3765,Pune,Home Office,2023-07-30
3766,Customer_3766,Mumbai,Consumer,2023-03-29
3767,Customer_3767,Bangalore,Consumer,2023-07-22
3768,Customer_3768,Delhi,Home Office,2024-07-26
3769,Customer_3769,Kolkata,Home Office,2022-11-10
3770,Customer_3770,Pune,Corporate,2023-08-14
3771,Customer_3771,Pune,Home Office,2022-01-29
3772,Customer_3772,Mumbai,Corporate,2023-04-01
3773,Customer_3773,Hyderabad,Home Office,2022-03-21
3774,Customer_3774,Delhi,Consumer,2022-02-20
3775,Customer_3775,Chennai,Consumer,2023-09-13
3776,Customer_3776,Bangalore,Home Office,2024-08-03
3777,Customer_3777,Pune,Corporate,2023-08-02
3778,Customer_3778,Pune,Consumer,2024-01-12
3779,Customer_3779,Chennai,Corporate,2022-11-03
3780,Customer_3780,Delhi,Home Office,2023-12-31
3781,Customer_3781,Hyderabad,Home Office,2022-03-13
3782,Customer_3782,Pune,Consumer,2023-08-22
3783,Customer_3783,Delhi,Home Office,2022-03-15
3784,Customer_3784,Chennai,Consumer,2023-09-16
3785,Customer_3785,Mumbai,Corporate,2023-12-18
3786,Customer_3786,Hyderabad,Consumer,2022-07-21
3787,Customer_3787,Bangalore,Consumer,2022-11-18
3788,Customer_3788,Pune,Corporate,2023-10-18
3789,Customer_3789,Delhi,Consumer,2023-05-31
3790,Customer_3790,Mumbai,Consumer,2024-09-04
3791,Customer_3791,Bangalore,Home Office,2024-03-11
3792,Customer_3792,Kolkata,Corporate,2024-05-22
3793,Customer_3793,Delhi,Consumer,2024-03-28
3794,Customer_3794,Delhi,Corporate,2024-04-15
3795,Customer_3795,Bangalore,Corporate,2024-04-18
3796,Customer_3796,Mumbai,Consumer,2023-06-14
3797,Customer_3797,Kolkata,Home Office,2022-04-08
3798,Customer_3798,Chennai,Corporate,2023-10-02
3799,Customer_3799,Mumbai,Consumer,2024-04-19
3800,Customer_3800,Hyderabad,Corporate,2023-02-07
3801,Customer_3801,Pune,Home Office,2022-03-20
3802,Customer_3802,Bangalore,Home Office,2024-08-28
3803,Customer_3803,Chennai,Home Office,2022-11-24
3804,Customer_3804,Kolkata,Consumer,2022-03-22
3805,Customer_3805,Bangalore,Consumer,2022-03-10
3806,Customer_3806,Bangalore,Home Office,2023-02-08
3807,Customer_3807,Mumbai,Consumer,2024-04-19
3808,Customer_3808,Pune,Home Office,2023-04-13
3809,Customer_3809,Hyderabad,Consumer,2022-06-27
3810,Customer_3810,Delhi,Home Office,2024-06-30
3811,Customer_3811,Delhi,Corporate,2023-09-11
3812,Customer_3812,Bangalore,Home Office,2024-04-21
3813,Customer_3813,Pune,Home Office,2022-04-21
3814,Customer_3814,Kolkata,Consumer,2022-05-16
3815,Customer_3815,Kolkata,Consumer,2023-05-31
3816,Customer_3816,Chennai,Consumer,2022-06-05
3817,Customer_3817,Mumbai,Consumer,2022-04-15
3818,Customer_3818,Pune,Consumer,2023-06-04
3819,Customer_3819,Pune,Consumer,2022-07-20
3820,Customer_3820,Mumbai,Corporate,2023-07-25
3821,Customer_3821,Kolkata,Home Office,2024-09-03
3822,Customer_3822,Kolkata,Home Office,2023-12-23
3823,Customer_3823,Kolkata,Home Office,2024-01-08
3824,Customer_3824,Bangalore,Corporate,2022-08-18
3825,Customer_3825,Pune,Home Office,2024-05-29
3826,Customer_3826,Delhi,Corporate,2023-12-02
3827,Customer_3827,Mumbai,Corporate,2023-02-08
3828,Customer_3828,Kolkata,Corporate,2023-11-21
3829,Customer_3829,Chennai,Home Office,2023-08-25
3830,Customer_3830,Kolkata,Corporate,2022-03-18
3831,Customer_3831,Kolkata,Home Office,2022-08-12
3832,Customer_3832,Hyderabad,Home Office,2023-11-12
3833,Customer_3833,Bangalore,Consumer,2022-06-17
3834,Customer_3834,Mumbai,Consumer,2024-03-14
3835,Customer_3835,Hyderabad,Corporate,2024-05-29
3836,Customer_3836,Hyderabad,Corporate,2023-06-25
3837,Customer_3837,Chennai,Home Office,2022-05-14
3838,Customer_3838,Pune,Corporate,2023-06-01
3839,Customer_3839,Chennai,Corporate,2024-01-17
3840,Customer_3840,Pune,Home Office,2023-08-24
3841,Customer_3841,Pune,Corporate,2022-09-25
3842,Customer_3842,Mumbai,Corporate,2024-06-07
3843,Customer_3843,Kolkata,Home Office,2024-05-20
3844,Customer_3844,Mumbai,Home Office,2023-04-18
3845,Customer_3845,Bangalore,Consumer,2023-10-17
3846,Customer_3846,Pune,Home Office,2024-03-28
3847,Customer_3847,Hyderabad,Consumer,2022-05-03
3848,Customer_3848,Kolkata,Corporate,2022-10-24
3849,Customer_3849,Delhi,Home Office,2022-04-16
3850,Customer_3850,Bangalore,Home Office,2022-08-19
3851,Customer_3851,Mumbai,Home Office,2023-11-11
3852,Customer_3852,Chennai,Corporate,2022-09-27
3853,Customer_3853,Bangalore,Consumer,2022-01-10
3854,Customer_3854,Bangalore,Corporate,2024-04-30
3855,Customer_3855,Kolkata,Corporate,2024-04-18
3856,Customer_3856,Bangalore,Home Office,2022-11-15
3857,Customer_3857,Bangalore,Consumer,2023-07-28
3858,Customer_3858,Delhi,Corporate,2022-04-22
3859,Customer_3859,Chennai,Home Office,2022-08-14
3860,Customer_3860,Chennai,Corporate,2024-07-05
3861,Customer_3861,Chennai,Corporate,2023-05-05
3862,Customer_3862,Pune,Home Office,2023-12-23
3863,Customer_3863,Hyderabad,Home Office,2023-01-02
3864,Customer_3864,Chennai,Consumer,2023-09-19
3865,Customer_3865,Bangalore,Corporate,2022-01-05
3866,Customer_3866,Bangalore,Home Office,2024-05-26
3867,Customer_3867,Chennai,Home Office,2022-01-18
3868,Customer_3868,Kolkata,Consumer,2022-09-05
3869,Customer_3869,Chennai,Consumer,2022-08-09
3870,Customer_3870,Bangalore,Home Office,2023-04-27
3871,Customer_3871,Pune,Consumer,2023-09-19
3872,Customer_3872,Mumbai,Home Office,2024-08-20
3873,Customer_3873,Mumbai,Corporate,2022-01-16
3874,Customer_3874,Chennai,Consumer,2024-02-23
3875,Customer_3875,Delhi,Corporate,2023-11-12
3876,Customer_3876,Chennai,Corporate,2022-01-08
3877,Customer_3877,Kolkata,Corporate,2024-07-16
3878,Customer_3878,Chennai,Home Office,2024-08-27
3879,Customer_3879,Mumbai,Corporate,2023-07-31
3880,Customer_3880,Bangalore,Corporate,2023-10-19
3881,Customer_3881,Chennai,Corporate,2024-06-09
3882,Customer_3882,Bangalore,Home Office,2022-06-19
3883,Customer_3883,Bangalore,Corporate,2022-10-08
3884,Customer_3884,Delhi,Corporate,2023-09-07
3885,Customer_3885,Bangalore,Consumer,2022-03-25
3886,Customer_3886,Mumbai,Home Office,2023-02-25
3887,Customer_3887,Pune,Corporate,2023-12-18
3888,Customer_3888,Pune,Consumer,2023-01-05
3889,Customer_3889,Hyderabad,Home Office,2024-06-09
3890,Customer_3890,Kolkata,Home Office,2023-01-16
3891,Customer_3891,Chennai,Home Office,2024-09-14
3892,Customer_3892,Kolkata,Home Office,2022-03-13
3893,Customer_3893,Mumbai,Home Office,2023-06-05
3894,Customer_3894,Bangalore,Home Office,2022-09-13
3895,Customer_3895,Pune,Corporate,2023-09-10
3896,Customer_3896,Kolkata,Corporate,2022-02-16
3897,Customer_3897,Mumbai,Corporate,2024-05-14
3898,Customer_3898,Pune,Corporate,2023-08-08
3899,Customer_3899,Bangalore,Consumer,2022-04-15
3900,Customer_3900,Kolkata,Corporate,2024-02-21
3901,Customer_3901,Pune,Home Office,2024-07-01
3902,Customer_3902,Chennai,Corporate,2023-04-05
3903,Customer_3903,Chennai,Corporate,2023-02-06
3904,Customer_3904,Hyderabad,Home Office,2024-04-08
3905,Customer_3905,Hyderabad,Corporate,2023-01-30
3906,Customer_3906,Pune,Corporate,2024-09-16
3907,Customer_3907,Mumbai,Corporate,2023-09-21
3908,Customer_3908,Chennai,Consumer,2022-03-07
3909,Customer_3909,Mumbai,Corporate,2023-09-25
3910,Customer_3910,Mumbai,Home Office,2024-02-15
3911,Customer_3911,Pune,Home Office,2023-02-14
3912,Customer_3912,Mumbai,Corporate,2022-03-07
3913,Customer_3913,Chennai,Corporate,2024-08-23
3914,Customer_3914,Bangalore,Corporate,2022-01-01
3915,Customer_3915,Hyderabad,Home Office,2024-06-14
3916,Customer_3916,Bangalore,Home Office,2023-10-17
3917,Customer_3917,Mumbai,Consumer,2023-03-20
3918,Customer_3918,Bangalore,Consumer,2022-11-07
3919,Customer_3919,Chennai,Consumer,2022-02-18
3920,Customer_3920,Chennai,Home Office,2023-01-02
3921,Customer_3921,Mumbai,Consumer,2023-02-19
3922,Customer_3922,Pune,Corporate,2023-11-06
3923,Customer_3923,Bangalore,Corporate,2022-01-20
3924,Customer_3924,Pune,Home Office,2023-07-16
3925,Customer_3925,Pune,Consumer,2023-08-02
3926,Customer_3926,Delhi,Corporate,2023-10-30
3927,Customer_3927,Mumbai,Home Office,2024-08-07
3928,Customer_3928,Hyderabad,Consumer,2022-01-24
3929,Customer_3929,Chennai,Corporate,2022-07-01
3930,Customer_3930,Chennai,Consumer,2023-09-22
3931,Customer_3931,Mumbai,Home Office,2024-04-29
3932,Customer_3932,Kolkata,Consumer,2024-08-07
3933,Customer_3933,Kolkata,Home Office,2023-08-25
3934,Customer_3934,Kolkata,Consumer,2022-11-07
3935,Customer_3935,Hyderabad,Corporate,2022-09-26
3936,Customer_3936,Chennai,Home Office,2023-03-08
3937,Customer_3937,Mumbai,Home Office,2023-02-19
3938,Customer_3938,Chennai,Home Office,2022-03-20
3939,Customer_3939,Pune,Consumer,2023-05-30
3940,Customer_3940,Bangalore,Consumer,2023-05-27
3941,Customer_3941,Bangalore,Corporate,2022-04-19
3942,Customer_3942,Chennai,Home Office,2023-05-14
3943,Customer_3943,Delhi,Home Office,2022-09-04
3944,Customer_3944,Hyderabad,Consumer,2022-03-11
3945,Customer_3945,Kolkata,Consumer,2024-09-10
3946,Customer_3946,Hyderabad,Corporate,2023-10-15
3947,Customer_3947,Hyderabad,Corporate,2022-12-04
3948,Customer_3948,Pune,Consumer,2023-03-28
3949,Customer_3949,Hyderabad,Home Office,2022-08-20
3950,Customer_3950,Bangalore,Corporate,2024-02-25
3951,Customer_3951,Pune,Consumer,2022-03-17
3952,Customer_3952,Mumbai,Consumer,2022-01-18
3953,Customer_3953,Hyderabad,Home Office,2023-03-15
3954,Customer_3954,Hyderabad,Consumer,2024-05-23
3955,Customer_3955,Mumbai,Consumer,2024-06-26
3956,Customer_3956,Hyderabad,Corporate,2022-05-23
3957,Customer_3957,Mumbai,Consumer,2023-10-12
3958,Customer_3958,Pune,Consumer,2024-01-25
3959,Customer_3959,Bangalore,Corporate,2023-10-15
3960,Customer_3960,Mumbai,Home Office,2022-09-03
3961,Customer_3961,Delhi,Home Office,2022-01-07
3962,Customer_3962,Mumbai,Corporate,2024-03-24
3963,Customer_3963,Hyderabad,Corporate,2024-09-27
3964,Customer_3964,Kolkata,Home Office,2023-03-30
3965,Customer_3965,Kolkata,Home Office,2024-07-09
3966,Customer_3966,Pune,Home Office,2022-07-16
3967,Customer_3967,Chennai,Home Office,2024-08-29
3968,Customer_3968,Pune,Home Office,2022-03-18
3969,Customer_3969,Chennai,Corporate,2024-03-24
3970,Customer_3970,Kolkata,Consumer,2022-09-16
3971,Customer_3971,Kolkata,Home Office,2022-02-04
3972,Customer_3972,Mumbai,Home Office,2022-11-20
3973,Customer_3973,Bangalore,Consumer,2023-05-21
3974,Customer_3974,Delhi,Consumer,2022-06-05
3975,Customer_3975,Pune,Consumer,2024-08-16
3976,Customer_3976,Hyderabad,Consumer,2022-01-14
3977,Customer_3977,Chennai,Consumer,2022-01-15
3978,Customer_3978,Hyderabad,Consumer,2022-12-14
3979,Customer_3979,Bangalore,Corporate,2023-09-01
3980,Customer_3980,Chennai,Consumer,2023-04-24
3981,Customer_3981,Pune,Consumer,2022-03-05
3982,Customer_3982,Mumbai,Corporate,2023-01-23
3983,Customer_3983,Hyderabad,Consumer,2022-03-07
3984,Customer_3984,Bangalore,Home Office,2022-07-25
3985,Customer_3985,Pune,Home Office,2022-02-08
3986,Customer_3986,Kolkata,Consumer,2023-10-10
3987,Customer_3987,Kolkata,Corporate,2024-03-01
3988,Customer_3988,Pune,Home Office,2023-12-05
3989,Customer_3989,Pune,Corporate,2023-06-11
3990,Customer_3990,Pune,Home Office,2023-04-21
3991,Customer_3991,Chennai,Consumer,2024-02-12
3992,Customer_3992,Pune,Corporate,2022-07-05
3993,Customer_3993,Hyderabad,Corporate,2022-09-01
3994,Customer_3994,Bangalore,Corporate,2023-05-28
3995,Customer_3995,Chennai,Home Office,2022-09-02
3996,Customer_3996,Pune,Home Office,2023-09-18
3997,Customer_3997,Delhi,Home Office,2024-08-03
3998,Customer_3998,Delhi,Consumer,2023-10-30
3999,Customer_3999,Bangalore,Home Office,2023-06-28
4000,Customer_4000,Kolkata,Consumer,2024-04-24
4001,Customer_4001,Mumbai,Corporate,2024-02-21
4002,Customer_4002,Mumbai,Corporate,2023-08-25
4003,Customer_4003,Kolkata,Consumer,2022-07-29
4004,Customer_4004,Chennai,Home Office,2023-01-21
4005,Customer_4005,Chennai,Consumer,2022-03-18
4006,Customer_4006,Chennai,Corporate,2022-08-12
4007,Customer_4007,Mumbai,Corporate,2024-07-09
4008,Customer_4008,Delhi,Consumer,2022-05-25
4009,Customer_4009,Mumbai,Home Office,2023-08-18
4010,Customer_4010,Hyderabad,Home Office,2022-05-13
4011,Customer_4011,Pune,Consumer,2022-06-15
4012,Customer_4012,Chennai,Consumer,2024-01-02
4013,Customer_4013,Delhi,Home Office,2023-10-27
4014,Customer_4014,Bangalore,Corporate,2024-06-18
4015,Customer_4015,Bangalore,Consumer,2024-02-09
4016,Customer_4016,Pune,Home Office,2022-04-19
4017,Customer_4017,Delhi,Home Office,2024-07-18
4018,Customer_4018,Mumbai,Corporate,2024-06-02
4019,Customer_4019,Mumbai,Corporate,2022-06-25
4020,Customer_4020,Hyderabad,Corporate,2024-07-24
4021,Customer_4021,Hyderabad,Corporate,2024-06-07
4022,Customer_4022,Mumbai,Corporate,2022-09-17
4023,Customer_4023,Bangalore,Consumer,2022-10-30
4024,Customer_4024,Chennai,Home Office,2024-01-21
4025,Customer_4025,Bangalore,Consumer,2023-03-14
4026,Customer_4026,Hyderabad,Consumer,2024-03-10
4027,Customer_4027,Pune,Consumer,2022-01-28
4028,Customer_4028,Mumbai,Consumer,2022-04-05
4029,Customer_4029,Hyderabad,Consumer,2024-09-01
4030,Customer_4030,Hyderabad,Corporate,2024-01-20
4031,Customer_4031,Chennai,Corporate,2022-07-21
4032,Customer_4032,Mumbai,Home Office,2024-05-10
4033,Customer_4033,Chennai,Consumer,2024-08-28
4034,Customer_4034,Mumbai,Home Office,2022-05-04
4035,Customer_4035,Chennai,Corporate,2024-02-14
4036,Customer_4036,Bangalore,Corporate,2023-06-04
4037,Customer_4037,Pune,Corporate,2022-02-11
4038,Customer_4038,Pune,Consumer,2022-05-25
4039,Customer_4039,Mumbai,Consumer,2024-01-18
4040,Customer_4040,Delhi,Corporate,2024-04-08
4041,Customer_4041,Kolkata,Home Office,2022-08-23
4042,Customer_4042,Hyderabad,Home Office,2022-01-23
4043,Customer_4043,Hyderabad,Corporate,2023-01-27
4044,Customer_4044,Mumbai,Home Office,2024-01-29
4045,Customer_4045,Chennai,Corporate,2022-12-31
4046,Customer_4046,Delhi,Home Office,2024-02-24
4047,Customer_4047,Bangalore,Corporate,2024-08-30
4048,Customer_4048,Chennai,Home Office,2024-03-28
4049,Customer_4049,Chennai,Consumer,2023-08-02
4050,Customer_4050,Mumbai,Corporate,2024-02-25
4051,Customer_4051,Mumbai,Corporate,2023-01-11
4052,Customer_4052,Hyderabad,Home Office,2023-12-30
4053,Customer_4053,Mumbai,Corporate,2022-05-11
4054,Customer_4054,Mumbai,Corporate,2023-03-20
4055,Customer_4055,Mumbai,Corporate,2023-01-18
4056,Customer_4056,Hyderabad,Consumer,2023-10-02
4057,Customer_4057,Bangalore,Consumer,2023-11-23
4058,Customer_4058,Bangalore,Home Office,2023-10-21
4059,Customer_4059,Kolkata,Consumer,2024-08-15
4060,Customer_4060,Kolkata,Home Office,2023-09-05
4061,Customer_4061,Mumbai,Consumer,2022-08-04
4062,Customer_4062,Kolkata,Home Office,2022-07-18
4063,Customer_4063,Hyderabad,Consumer,2023-04-14
4064,Customer_4064,Bangalore,Consumer,2023-04-22
4065,Customer_4065,Chennai,Home Office,2023-11-04
4066,Customer_4066,Bangalore,Corporate,2022-01-31
4067,Customer_4067,Bangalore,Corporate,2024-07-06
4068,Customer_4068,Hyderabad,Consumer,2024-08-30
4069,Customer_4069,Kolkata,Home Office,2023-01-02
4070,Customer_4070,Chennai,Corporate,2023-04-23
4071,Customer_4071,Hyderabad,Home Office,2023-01-19
4072,Customer_4072,Mumbai,Corporate,2023-05-21
4073,Customer_4073,Pune,Home Office,2022-11-02
4074,Customer_4074,Bangalore,Consumer,2022-11-19
4075,Customer_4075,Pune,Home Office,2023-05-01
4076,Customer_4076,Hyderabad,Corporate,2024-09-12
4077,Customer_4077,Hyderabad,Consumer,2023-08-10
4078,Customer_4078,Hyderabad,Home Office,2022-06-28
4079,Customer_4079,Pune,Corporate,2024-04-01
4080,Customer_4080,Hyderabad,Consumer,2024-05-27
4081,Customer_4081,Mumbai,Home Office,2024-08-20
4082,Customer_4082,Hyderabad,Corporate,2024-06-25
4083,Customer_4083,Delhi,Home Office,2024-09-26
4084,Customer_4084,Kolkata,Home Office,2022-05-19
4085,Customer_4085,Pune,Consumer,2024-04-18
4086,Customer_4086,Delhi,Consumer,2022-04-09
4087,Customer_4087,Hyderabad,Corporate,2023-09-02
4088,Customer_4088,Mumbai,Consumer,2022-04-03
4089,Customer_4089,Bangalore,Corporate,2022-10-25
4090,Customer_4090,Chennai,Home Office,2024-01-25
4091,Customer_4091,Kolkata,Home Office,2023-06-02
4092,Customer_4092,Chennai,Corporate,2024-02-19
4093,Customer_4093,Hyderabad,Home Office,2022-03-05
4094,Customer_4094,Kolkata,Consumer,2022-03-29
4095,Customer_4095,Kolkata,Home Office,2022-06-08
4096,Customer_4096,Mumbai,Consumer,2022-09-15
4097,Customer_4097,Kolkata,Corporate,2024-09-18
4098,Customer_4098,Pune,Corporate,2022-12-20
4099,Customer_4099,Delhi,Home Office,2024-04-10
4100,Customer_4100,Delhi,Home Office,2024-08-04
4101,Customer_4101,Delhi,Consumer,2023-05-09
4102,Customer_4102,Pune,Consumer,2022-09-22
4103,Customer_4103,Chennai,Home Office,2023-04-27
4104,Customer_4104,Mumbai,Home Office,2023-08-08
4105,Customer_4105,Kolkata,Corporate,2022-04-06
4106,Customer_4106,Pune,Corporate,2024-01-19
4107,Customer_4107,Delhi,Corporate,2023-03-29
4108,Customer_4108,Hyderabad,Home Office,2022-02-01
4109,Customer_4109,Bangalore,Home Office,2023-05-30
4110,Customer_4110,Kolkata,Home Office,2024-01-03
4111,Customer_4111,Pune,Corporate,2024-03-08
4112,Customer_4112,Pune,Home Office,2023-12-11
4113,Customer_4113,Mumbai,Consumer,2023-02-18
4114,Customer_4114,Mumbai,Home Office,2023-12-01
4115,Customer_4115,Pune,Home Office,2023-04-08
4116,Customer_4116,Delhi,Home Office,2023-12-29
4117,Customer_4117,Bangalore,Home Office,2022-02-17
4118,Customer_4118,Kolkata,Home Office,2023-08-21
4119,Customer_4119,Mumbai,Consumer,2022-04-17
4120,Customer_4120,Kolkata,Consumer,2023-03-21
4121,Customer_4121,Delhi,Home Office,2022-06-01
4122,Customer_4122,Kolkata,Corporate,2023-01-23
4123,Customer_4123,Hyderabad,Home Office,2022-11-23
4124,Customer_4124,Mumbai,Home Office,2022-01-09
4125,Customer_4125,Delhi,Home Office,2023-08-27
4126,Customer_4126,Delhi,Corporate,2024-08-14
4127,Customer_4127,Bangalore,Corporate,2024-04-03
4128,Customer_4128,Bangalore,Corporate,2023-09-21
4129,Customer_4129,Hyderabad,Consumer,2022-06-11
4130,Customer_4130,Delhi,Corporate,2023-02-09
4131,Customer_4131,Chennai,Consumer,2022-06-12
4132,Customer_4132,Delhi,Consumer,2022-11-02
4133,Customer_4133,Bangalore,Corporate,2024-09-24
4134,Customer_4134,Chennai,Corporate,2022-05-22
4135,Customer_4135,Mumbai,Corporate,2022-10-19
4136,Customer_4136,Mumbai,Consumer,2024-03-07
4137,Customer_4137,Kolkata,Home Office,2023-05-21
4138,Customer_4138,Pune,Corporate,2024-04-08
4139,Customer_4139,Bangalore,Corporate,2023-02-17
4140,Customer_4140,Pune,Corporate,2022-02-02
4141,Customer_4141,Chennai,Consumer,2024-01-03
4142,Customer_4142,Bangalore,Consumer,2024-04-03
4143,Customer_4143,Hyderabad,Home Office,2023-02-03
4144,Customer_4144,Delhi,Corporate,2024-04-20
4145,Customer_4145,Hyderabad,Consumer,2022-05-01
4146,Customer_4146,Chennai,Home Office,2022-06-19
4147,Customer_4147,Bangalore,Corporate,2024-03-29
4148,Customer_4148,Chennai,Consumer,2023-09-18
4149,Customer_4149,Delhi,Corporate,2023-08-14
4150,Customer_4150,Mumbai,Corporate,2022-11-03
4151,Customer_4151,Mumbai,Consumer,2023-12-01
4152,Customer_4152,Chennai,Consumer,2023-09-02
4153,Customer_4153,Pune,Consumer,2022-06-19
4154,Customer_4154,Bangalore,Corporate,2023-03-04
4155,Customer_4155,Bangalore,Corporate,2023-08-08
4156,Customer_4156,Mumbai,Home Office,2022-05-04
4157,Customer_4157,Kolkata,Corporate,2024-09-18
4158,Customer_4158,Hyderabad,Consumer,2024-02-18
4159,Customer_4159,Kolkata,Corporate,2024-05-06
4160,Customer_4160,Delhi,Home Office,2024-05-05
4161,Customer_4161,Hyderabad,Home Office,2023-02-14
4162,Customer_4162,Hyderabad,Consumer,2023-02-19
4163,Customer_4163,Chennai,Consumer,2023-07-16
4164,Customer_4164,Mumbai,Home Office,2023-05-05
4165,Customer_4165,Kolkata,Home Office,2022-10-28
4166,Customer_4166,Kolkata,Home Office,2022-04-14
4167,Customer_4167,Mumbai,Consumer,2022-10-23
4168,Customer_4168,Kolkata,Home Office,2022-05-24
4169,Customer_4169,Mumbai,Home Office,2022-05-20
4170,Customer_4170,Chennai,Consumer,2024-02-29
4171,Customer_4171,Pune,Corporate,2023-06-11
4172,Customer_4172,Hyderabad,Corporate,2024-01-23
4173,Customer_4173,Chennai,Home Office,2022-06-30
4174,Customer_4174,Bangalore,Corporate,2024-09-05
4175,Customer_4175,Delhi,Corporate,2024-06-10
4176,Customer_4176,Pune,Corporate,2024-05-25
4177,Customer_4177,Bangalore,Corporate,2023-04-22
4178,Customer_4178,Hyderabad,Home Office,2022-06-14
4179,Customer_4179,Kolkata,Corporate,2022-05-25
4180,Customer_4180,Mumbai,Corporate,2022-01-22
4181,Customer_4181,Hyderabad,Consumer,2022-01-24
4182,Customer_4182,Chennai,Home Office,2023-11-12
4183,Customer_4183,Delhi,Consumer,2022-07-30
4184,Customer_4184,Chennai,Consumer,2022-12-18
4185,Customer_4185,Pune,Home Office,2023-04-28
4186,Customer_4186,Pune,Corporate,2022-09-03
4187,Customer_4187,Delhi,Consumer,2023-01-22
4188,Customer_4188,Bangalore,Home Office,2023-09-07
4189,Customer_4189,Bangalore,Corporate,2024-08-19
4190,Customer_4190,Pune,Home Office,2023-12-28
4191,Customer_4191,Pune,Consumer,2022-05-11
4192,Customer_4192,Kolkata,Corporate,2024-04-04
4193,Customer_4193,Mumbai,Corporate,2023-07-29
4194,Customer_4194,Kolkata,Home Office,2022-04-05
4195,Customer_4195,Kolkata,Corporate,2022-08-08
4196,Customer_4196,Bangalore,Consumer,2022-11-28
4197,Customer_4197,Delhi,Consumer,2022-11-16
4198,Customer_4198,Bangalore,Consumer,2023-01-22
4199,Customer_4199,Mumbai,Home Office,2024-02-23
4200,Customer_4200,Chennai,Corporate,2024-03-03
4201,Customer_4201,Pune,Corporate,2024-01-19
4202,Customer_4202,Pune,Corporate,2024-06-24
4203,Customer_4203,Mumbai,Consumer,2022-04-12
4204,Customer_4204,Kolkata,Corporate,2023-09-30
4205,Customer_4205,Delhi,Consumer,2022-11-21
4206,Customer_4206,Pune,Corporate,2022-11-18
4207,Customer_4207,Hyderabad,Consumer,2022-01-18
4208,Customer_4208,Kolkata,Corporate,2022-01-11
4209,Customer_4209,Pune,Home Office,2022-05-23
4210,Customer_4210,Hyderabad,Home Office,2022-09-28
4211,Customer_4211,Mumbai,Consumer,2022-12-24
4212,Customer_4212,Mumbai,Consumer,2024-05-29
4213,Customer_4213,Kolkata,Corporate,2022-03-20
4214,Customer_4214,Pune,Corporate,2022-07-22
4215,Customer_4215,Bangalore,Home Office,2024-03-13
4216,Customer_4216,Hyderabad,Corporate,2024-07-02
4217,Customer_4217,Delhi,Consumer,2024-09-10
4218,Customer_4218,Pune,Consumer,2024-01-31
4219,Customer_4219,Delhi,Consumer,2023-05-26
4220,Customer_4220,Pune,Consumer,2023-02-21
4221,Customer_4221,Bangalore,Consumer,2023-08-26
4222,Customer_4222,Bangalore,Home Office,2022-02-26
4223,Customer_4223,Kolkata,Home Office,2023-10-08
4224,Customer_4224,Kolkata,Consumer,2023-09-16
4225,Customer_4225,Bangalore,Corporate,2023-12-12
4226,Customer_4226,Chennai,Consumer,2024-06-01
4227,Customer_4227,Bangalore,Home Office,2022-03-01
4228,Customer_4228,Mumbai,Consumer,2024-02-14
4229,Customer_4229,Mumbai,Home Office,2024-07-20
4230,Customer_4230,Chennai,Home Office,2023-03-13
4231,Customer_4231,Hyderabad,Consumer,2023-03-03
4232,Customer_4232,Delhi,Consumer,2024-05-11
4233,Customer_4233,Pune,Corporate,2024-08-10
4234,Customer_4234,Pune,Home Office,2023-02-05
4235,Customer_4235,Chennai,Corporate,2022-03-11
4236,Customer_4236,Mumbai,Consumer,2023-01-27
4237,Customer_4237,Kolkata,Home Office,2023-10-29
4238,Customer_4238,Pune,Corporate,2024-02-02
4239,Customer_4239,Mumbai,Corporate,2022-01-15
4240,Customer_4240,Hyderabad,Corporate,2022-03-11
4241,Customer_4241,Delhi,Consumer,2024-06-30
4242,Customer_4242,Hyderabad,Consumer,2024-01-02
4243,Customer_4243,Chennai,Consumer,2023-10-19
4244,Customer_4244,Bangalore,Home Office,2024-06-04
4245,Customer_4245,Bangalore,Consumer,2023-04-26
4246,Customer_4246,Bangalore,Home Office,2023-12-29
4247,Customer_4247,Hyderabad,Corporate,2024-05-19
4248,Customer_4248,Pune,Corporate,2022-12-15
4249,Customer_4249,Delhi,Consumer,2024-04-25
4250,Customer_4250,Bangalore,Corporate,2023-08-21
4251,Customer_4251,Chennai,Consumer,2022-11-17
4252,Customer_4252,Chennai,Home Office,2024-02-14
4253,Customer_4253,Bangalore,Corporate,2024-02-01
4254,Customer_4254,Bangalore,Consumer,2024-08-06
4255,Customer_4255,Delhi,Corporate,2024-09-14
4256,Customer_4256,Bangalore,Corporate,2022-12-02
4257,Customer_4257,Delhi,Consumer,2023-10-05
4258,Customer_4258,Chennai,Corporate,2023-03-31
4259,Customer_4259,Bangalore,Corporate,2023-02-23
4260,Customer_4260,Hyderabad,Corporate,2024-02-06
4261,Customer_4261,Kolkata,Corporate,2022-09-01
4262,Customer_4262,Hyderabad,Home Office,2023-07-30
4263,Customer_4263,Chennai,Corporate,2022-01-18
4264,Customer_4264,Delhi,Corporate,2022-12-04
4265,Customer_4265,Hyderabad,Consumer,2022-08-07
4266,Customer_4266,Delhi,Home Office,2024-05-15
4267,Customer_4267,Hyderabad,Consumer,2023-01-05
4268,Customer_4268,Hyderabad,Consumer,2022-10-24
4269,Customer_4269,Delhi,Consumer,2023-08-08
4270,Customer_4270,Pune,Home Office,2023-07-26
4271,Customer_4271,Hyderabad,Consumer,2023-10-04
4272,Customer_4272,Bangalore,Consumer,2022-01-28
4273,Customer_4273,Kolkata,Consumer,2023-09-13
4274,Customer_4274,Chennai,Corporate,2024-04-07
4275,Customer_4275,Pune,Consumer,2023-05-30
4276,Customer_4276,Delhi,Home Office,2023-05-23
4277,Customer_4277,Pune,Home Office,2023-08-19
4278,Customer_4278,Mumbai,Corporate,2024-02-18
4279,Customer_4279,Mumbai,Home Office,2024-09-18
4280,Customer_4280,Hyderabad,Home Office,2023-10-13
4281,Customer_4281,Hyderabad,Corporate,2022-08-26
4282,Customer_4282,Bangalore,Consumer,2022-12-15
4283,Customer_4283,Kolkata,Corporate,2024-01-30
4284,Customer_4284,Chennai,Consumer,2022-12-06
4285,Customer_4285,Pune,Consumer,2022-08-31
4286,Customer_4286,Mumbai,Home Office,2024-01-30
4287,Customer_4287,Hyderabad,Corporate,2023-04-19
4288,Customer_4288,Chennai,Home Office,2023-10-19
4289,Customer_4289,Pune,Home Office,2022-08-10
4290,Customer_4290,Hyderabad,Consumer,2022-10-06
4291,Customer_4291,Hyderabad,Home Office,2023-06-07
4292,Customer_4292,Mumbai,Corporate,2022-10-22
4293,Customer_4293,Mumbai,Home Office,2024-04-24
4294,Customer_4294,Hyderabad,Home Office,2022-09-08
4295,Customer_4295,Delhi,Consumer,2022-04-28
4296,Customer_4296,Hyderabad,Corporate,2022-07-13
4297,Customer_4297,Chennai,Home Office,2022-03-11
4298,Customer_4298,Hyderabad,Consumer,2023-08-16
4299,Customer_4299,Bangalore,Home Office,2022-05-07
4300,Customer_4300,Kolkata,Corporate,2023-06-10
4301,Customer_4301,Bangalore,Home Office,2022-01-30
4302,Customer_4302,Bangalore,Home Office,2023-07-25
4303,Customer_4303,Delhi,Consumer,2023-03-30
4304,Customer_4304,Delhi,Home Office,2023-01-01
4305,Customer_4305,Hyderabad,Consumer,2023-11-23
4306,Customer_4306,Bangalore,Corporate,2022-02-26
4307,Customer_4307,Delhi,Home Office,2022-05-26
4308,Customer_4308,Mumbai,Corporate,2023-09-28
4309,Customer_4309,Hyderabad,Corporate,2023-05-01
4310,Customer_4310,Chennai,Home Office,2022-01-28
4311,Customer_4311,Kolkata,Consumer,2022-08-09
4312,Customer_4312,Pune,Corporate,2023-05-19
4313,Customer_4313,Hyderabad,Corporate,2022-04-20
4314,Customer_4314,Pune,Home Office,2024-06-04
4315,Customer_4315,Bangalore,Home Office,2022-06-03
4316,Customer_4316,Kolkata,Home Office,2023-08-04
4317,Customer_4317,Pune,Home Office,2022-04-25
4318,Customer_4318,Bangalore,Home Office,2024-04-07
4319,Customer_4319,Mumbai,Home Office,2023-01-04
4320,Customer_4320,Pune,Consumer,2023-09-15
4321,Customer_4321,Kolkata,Corporate,2022-05-08
4322,Customer_4322,Hyderabad,Consumer,2024-06-03
4323,Customer_4323,Bangalore,Consumer,2023-09-04
4324,Customer_4324,Hyderabad,Home Office,2024-09-04
4325,Customer_4325,Kolkata,Corporate,2024-05-31
4326,Customer_4326,Delhi,Consumer,2024-03-20
4327,Customer_4327,Bangalore,Home Office,2022-12-05
4328,Customer_4328,Pune,Home Office,2024-03-16
4329,Customer_4329,Bangalore,Corporate,2023-09-23
4330,Customer_4330,Hyderabad,Consumer,2024-03-20
4331,Customer_4331,Mumbai,Consumer,2024-06-25
4332,Customer_4332,Bangalore,Consumer,2023-04-26
4333,Customer_4333,Pune,Home Office,2023-02-14
4334,Customer_4334,Delhi,Corporate,2023-09-25
4335,Customer_4335,Chennai,Corporate,2022-09-18
4336,Customer_4336,Mumbai,Consumer,2023-05-05
4337,Customer_4337,Delhi,Home Office,2024-08-03
4338,Customer_4338,Bangalore,Consumer,2022-04-18
4339,Customer_4339,Hyderabad,Corporate,2022-05-13
4340,Customer_4340,Kolkata,Home Office,2023-10-04
4341,Customer_4341,Hyderabad,Consumer,2022-12-02
4342,Customer_4342,Pune,Consumer,2023-06-19
4343,Customer_4343,Hyderabad,Home Office,2022-06-27
4344,Customer_4344,Mumbai,Corporate,2023-06-26
4345,Customer_4345,Hyderabad,Home Office,2024-08-05
4346,Customer_4346,Pune,Consumer,2024-06-22
4347,Customer_4347,Chennai,Consumer,2023-12-22
4348,Customer_4348,Bangalore,Consumer,2024-02-04
4349,Customer_4349,Kolkata,Consumer,2022-10-22
4350,Customer_4350,Bangalore,Corporate,2024-04-12
4351,Customer_4351,Hyderabad,Corporate,2024-02-24
4352,Customer_4352,Delhi,Consumer,2022-08-06
4353,Customer_4353,Bangalore,Corporate,2023-11-12
4354,Customer_4354,Chennai,Corporate,2022-09-22
4355,Customer_4355,Hyderabad,Corporate,2023-10-21
4356,Customer_4356,Kolkata,Consumer,2024-01-14
4357,Customer_4357,Pune,Home Office,2022-02-28
4358,Customer_4358,Chennai,Home Office,2023-12-03
4359,Customer_4359,Hyderabad,Home Office,2024-02-16
4360,Customer_4360,Chennai,Consumer,2022-05-04
4361,Customer_4361,Bangalore,Corporate,2023-02-24
4362,Customer_4362,Kolkata,Corporate,2023-09-02
4363,Customer_4363,Pune,Consumer,2022-05-20
4364,Customer_4364,Hyderabad,Consumer,2022-06-07
4365,Customer_4365,Mumbai,Home Office,2022-09-04
4366,Customer_4366,Pune,Home Office,2023-09-22
4367,Customer_4367,Mumbai,Consumer,2022-05-19
4368,Customer_4368,Chennai,Home Office,2022-01-27
4369,Customer_4369,Delhi,Corporate,2023-10-31
4370,Customer_4370,Pune,Consumer,2023-05-15
4371,Customer_4371,Chennai,Consumer,2022-11-26
4372,Customer_4372,Mumbai,Corporate,2022-04-12
4373,Customer_4373,Bangalore,Corporate,2023-06-26
4374,Customer_4374,Bangalore,Corporate,2024-02-20
4375,Customer_4375,Delhi,Home Office,2022-03-06
4376,Customer_4376,Pune,Consumer,2023-11-03
4377,Customer_4377,Pune,Home Office,2023-04-07
4378,Customer_4378,Pune,Corporate,2024-03-01
4379,Customer_4379,Chennai,Home Office,2023-06-24
4380,Customer_4380,Kolkata,Corporate,2023-11-14
4381,Customer_4381,Kolkata,Home Office,2024-06-11
4382,Customer_4382,Delhi,Home Office,2024-07-03
4383,Customer_4383,Pune,Corporate,2023-02-21
4384,Customer_4384,Chennai,Home Office,2024-09-21
4385,Customer_4385,Bangalore,Consumer,2022-08-13
4386,Customer_4386,Mumbai,Home Office,2022-06-03
4387,Customer_4387,Chennai,Home Office,2023-09-27
4388,Customer_4388,Kolkata,Consumer,2023-10-16
4389,Customer_4389,Kolkata,Corporate,2022-06-11
4390,Customer_4390,Bangalore,Consumer,2024-05-13
4391,Customer_4391,Bangalore,Home Office,2023-02-27
4392,Customer_4392,Mumbai,Corporate,2024-01-08
4393,Customer_4393,Bangalore,Home Office,2023-10-11
4394,Customer_4394,Delhi,Home Office,2023-12-24
4395,Customer_4395,Mumbai,Consumer,2024-02-16
4396,Customer_4396,Bangalore,Consumer,2022-02-12
4397,Customer_4397,Hyderabad,Corporate,2023-08-15
4398,Customer_4398,Chennai,Corporate,2022-08-27
4399,Customer_4399,Bangalore,Corporate,2023-05-05
4400,Customer_4400,Delhi,Home Office,2024-06-12
4401,Customer_4401,Pune,Consumer,2023-01-03
4402,Customer_4402,Bangalore,Consumer,2024-09-27
4403,Customer_4403,Kolkata,Consumer,2022-10-15
4404,Customer_4404,Kolkata,Corporate,2022-08-04
4405,Customer_4405,Kolkata,Consumer,2022-11-21
4406,Customer_4406,Pune,Consumer,2022-04-11
4407,Customer_4407,Kolkata,Consumer,2022-11-01
4408,Customer_4408,Hyderabad,Corporate,2024-03-25
4409,Customer_4409,Bangalore,Consumer,2022-03-11
4410,Customer_4410,Kolkata,Corporate,2022-11-23
4411,Customer_4411,Mumbai,Consumer,2024-07-11
4412,Customer_4412,Pune,Consumer,2024-01-24
4413,Customer_4413,Hyderabad,Consumer,2023-09-21
4414,Customer_4414,Mumbai,Corporate,2023-08-30
4415,Customer_4415,Mumbai,Corporate,2023-03-12
4416,Customer_4416,Mumbai,Consumer,2022-04-07
4417,Customer_4417,Mumbai,Home Office,2024-06-10
4418,Customer_4418,Bangalore,Corporate,2024-06-12
4419,Customer_4419,Kolkata,Corporate,2024-03-19
4420,Customer_4420,Chennai,Consumer,2024-05-01
4421,Customer_4421,Bangalore,Home Office,2023-07-24
4422,Customer_4422,Bangalore,Consumer,2022-01-08
4423,Customer_4423,Hyderabad,Corporate,2022-07-07
4424,Customer_4424,Hyderabad,Corporate,2023-04-29
4425,Customer_4425,Kolkata,Consumer,2022-09-16
4426,Customer_4426,Chennai,Consumer,2022-12-25
4427,Customer_4427,Hyderabad,Home Office,2024-03-14
4428,Customer_4428,Kolkata,Home Office,2022-07-13
4429,Customer_4429,Kolkata,Corporate,2023-10-11
4430,Customer_4430,Delhi,Home Office,2022-06-20
4431,Customer_4431,Chennai,Home Office,2022-01-24
4432,Customer_4432,Hyderabad,Corporate,2024-01-26
4433,Customer_4433,Chennai,Corporate,2022-05-07
4434,Customer_4434,Bangalore,Corporate,2022-03-16
4435,Customer_4435,Bangalore,Corporate,2024-08-18
4436,Customer_4436,Chennai,Consumer,2024-06-26
4437,Customer_4437,Delhi,Corporate,2022-10-13
4438,Customer_4438,Delhi,Corporate,2024-06-04
4439,Customer_4439,Chennai,Corporate,2022-09-07
4440,Customer_4440,Hyderabad,Home Office,2024-03-26
4441,Customer_4441,Pune,Corporate,2022-11-11
4442,Customer_4442,Delhi,Consumer,2022-01-23
4443,Customer_4443,Mumbai,Consumer,2024-05-21
4444,Customer_4444,Bangalore,Corporate,2024-02-16
4445,Customer_4445,Chennai,Consumer,2023-10-23
4446,Customer_4446,Mumbai,Home Office,2023-05-29
4447,Customer_4447,Chennai,Corporate,2024-02-23
4448,Customer_4448,Kolkata,Consumer,2024-09-27
4449,Customer_4449,Bangalore,Consumer,2024-07-01
4450,Customer_4450,Bangalore,Corporate,2023-06-27
4451,Customer_4451,Delhi,Consumer,2022-11-02
4452,Customer_4452,Delhi,Corporate,2022-07-09
4453,Customer_4453,Mumbai,Consumer,2024-05-18
4454,Customer_4454,Kolkata,Home Office,2023-04-02
4455,Customer_4455,Chennai,Consumer,2022-02-20
4456,Customer_4456,Kolkata,Consumer,2022-06-28
4457,Customer_4457,Bangalore,Corporate,2022-09-02
4458,Customer_4458,Mumbai,Consumer,2024-03-26
4459,Customer_4459,Pune,Corporate,2023-07-27
4460,Customer_4460,Mumbai,Home Office,2024-09-18
4461,Customer_4461,Hyderabad,Corporate,2023-07-25
4462,Customer_4462,Mumbai,Corporate,2023-09-22
4463,Customer_4463,Kolkata,Consumer,2024-02-08
4464,Customer_4464,Hyderabad,Home Office,2022-09-26
4465,Customer_4465,Hyderabad,Corporate,2024-01-16
4466,Customer_4466,Hyderabad,Consumer,2024-03-11
4467,Customer_4467,Pune,Consumer,2024-02-17
4468,Customer_4468,Mumbai,Corporate,2023-07-24
4469,Customer_4469,Kolkata,Consumer,2024-01-13
4470,Customer_4470,Mumbai,Corporate,2024-06-16
4471,Customer_4471,Pune,Corporate,2022-08-29
4472,Customer_4472,Bangalore,Corporate,2022-03-17
4473,Customer_4473,Delhi,Home Office,2022-03-13
4474,Customer_4474,Kolkata,Corporate,2024-03-12
4475,Customer_4475,Kolkata,Consumer,2024-02-28
4476,Customer_4476,Mumbai,Home Office,2022-05-17
4477,Customer_4477,Delhi,Consumer,2023-03-15
4478,Customer_4478,Chennai,Home Office,2023-08-04
4479,Customer_4479,Chennai,Home Office,2024-05-07
4480,Customer_4480,Pune,Home Office,2022-02-14
4481,Customer_4481,Chennai,Home Office,2023-03-15
4482,Customer_4482,Kolkata,Consumer,2023-12-16
4483,Customer_4483,Chennai,Corporate,2023-01-07
4484,Customer_4484,Bangalore,Consumer,2023-10-13
4485,Customer_4485,Bangalore,Corporate,2024-05-29
4486,Customer_4486,Bangalore,Consumer,2023-02-10
4487,Customer_4487,Chennai,Home Office,2023-05-18
4488,Customer_4488,Pune,Home Office,2023-02-21
4489,Customer_4489,Hyderabad,Corporate,2022-05-22
4490,Customer_4490,Hyderabad,Corporate,2023-02-18
4491,Customer_4491,Delhi,Consumer,2023-08-03
4492,Customer_4492,Hyderabad,Corporate,2023-08-08
4493,Customer_4493,Hyderabad,Consumer,2023-03-11
4494,Customer_4494,Bangalore,Corporate,2023-09-10
4495,Customer_4495,Bangalore,Corporate,2024-08-22
4496,Customer_4496,Chennai,Corporate,2022-08-27
4497,Customer_4497,Delhi,Home Office,2024-06-26
4498,Customer_4498,Mumbai,Home Office,2023-04-06
4499,Customer_4499,Kolkata,Consumer,2024-07-12
4500,Customer_4500,Delhi,Corporate,2024-02-20
4501,Customer_4501,Delhi,Consumer,2024-06-22
4502,Customer_4502,Pune,Corporate,2023-07-10
4503,Customer_4503,Chennai,Home Office,2023-05-07
4504,Customer_4504,Pune,Home Office,2023-07-20
4505,Customer_4505,Delhi,Corporate,2023-03-07
4506,Customer_4506,Delhi,Corporate,2022-12-11
4507,Customer_4507,Delhi,Home Office,2024-06-11
4508,Customer_4508,Hyderabad,Home Office,2022-05-27
4509,Customer_4509,Kolkata,Consumer,2024-06-17
4510,Customer_4510,Kolkata,Home Office,2023-09-26
4511,Customer_4511,Pune,Corporate,2024-03-07
4512,Customer_4512,Delhi,Consumer,2023-04-01
4513,Customer_4513,Kolkata,Corporate,2022-10-21
4514,Customer_4514,Bangalore,Consumer,2024-03-21
4515,Customer_4515,Kolkata,Corporate,2022-11-18
4516,Customer_4516,Chennai,Home Office,2023-10-10
4517,Customer_4517,Chennai,Corporate,2023-10-26
4518,Customer_4518,Kolkata,Consumer,2023-09-27
4519,Customer_4519,Bangalore,Corporate,2024-05-19
4520,Customer_4520,Chennai,Consumer,2022-04-27
4521,Customer_4521,Hyderabad,Corporate,2024-08-23
4522,Customer_4522,Kolkata,Home Office,2024-01-26
4523,Customer_4523,Hyderabad,Home Office,2023-05-13
4524,Customer_4524,Kolkata,Corporate,2024-01-22
4525,Customer_4525,Mumbai,Corporate,2024-05-03
4526,Customer_4526,Mumbai,Corporate,2024-01-31
4527,Customer_4527,Mumbai,Consumer,2024-07-30
4528,Customer_4528,Chennai,Corporate,2024-02-02
4529,Customer_4529,Hyderabad,Corporate,2022-03-22
4530,Customer_4530,Hyderabad,Consumer,2022-10-09
4531,Customer_4531,Hyderabad,Home Office,2024-08-08
4532,Customer_4532,Bangalore,Corporate,2022-10-28
4533,Customer_4533,Hyderabad,Corporate,2022-10-26
4534,Customer_4534,Bangalore,Home Office,2023-05-30
4535,Customer_4535,Mumbai,Home Office,2024-08-15
4536,Customer_4536,Mumbai,Consumer,2022-11-22
4537,Customer_4537,Chennai,Corporate,2024-04-12
4538,Customer_4538,Kolkata,Corporate,2022-05-28
4539,Customer_4539,Mumbai,Consumer,2024-01-22
4540,Customer_4540,Kolkata,Home Office,2024-06-19
4541,Customer_4541,Kolkata,Consumer,2023-04-01
4542,Customer_4542,Chennai,Home Office,2023-03-01
4543,Customer_4543,Delhi,Consumer,2024-01-06
4544,Customer_4544,Delhi,Home Office,2022-12-27
4545,Customer_4545,Pune,Consumer,2023-08-19
4546,Customer_4546,Chennai,Home Office,2024-06-13
4547,Customer_4547,Pune,Home Office,2024-06-04
4548,Customer_4548,Pune,Home Office,2022-12-23
4549,Customer_4549,Delhi,Home Office,2022-12-20
4550,Customer_4550,Chennai,Home Office,2022-06-27
4551,Customer_4551,Delhi,Corporate,2023-01-13
4552,Customer_4552,Pune,Home Office,2024-05-25
4553,Customer_4553,Chennai,Corporate,2023-05-19
4554,Customer_4554,Pune,Home Office,2024-01-22
4555,Customer_4555,Hyderabad,Corporate,2023-01-04
4556,Customer_4556,Kolkata,Corporate,2024-04-02
4557,Customer_4557,Chennai,Consumer,2022-08-29
4558,Customer_4558,Chennai,Home Office,2024-08-04
4559,Customer_4559,Kolkata,Consumer,2024-04-16
4560,Customer_4560,Pune,Consumer,2022-04-29
4561,Customer_4561,Hyderabad,Home Office,2022-05-27
4562,Customer_4562,Bangalore,Consumer,2023-08-05
4563,Customer_4563,Kolkata,Home Office,2023-10-29
4564,Customer_4564,Delhi,Consumer,2024-02-08
4565,Customer_4565,Pune,Home Office,2022-12-31
4566,Customer_4566,Kolkata,Home Office,2024-02-09
4567,Customer_4567,Kolkata,Home Office,2023-11-05
4568,Customer_4568,Chennai,Corporate,2024-05-31
4569,Customer_4569,Delhi,Consumer,2023-02-07
4570,Customer_4570,Delhi,Corporate,2023-02-24
4571,Customer_4571,Delhi,Consumer,2024-06-21
4572,Customer_4572,Kolkata,Consumer,2022-03-04
4573,Customer_4573,Bangalore,Consumer,2023-05-10
4574,Customer_4574,Mumbai,Corporate,2024-02-29
4575,Customer_4575,Pune,Consumer,2022-03-11
4576,Customer_4576,Mumbai,Corporate,2024-06-30
4577,Customer_4577,Kolkata,Home Office,2023-09-22
4578,Customer_4578,Mumbai,Consumer,2024-09-27
4579,Customer_4579,Kolkata,Consumer,2022-02-25
4580,Customer_4580,Mumbai,Home Office,2022-03-19
4581,Customer_4581,Delhi,Home Office,2022-03-25
4582,Customer_4582,Hyderabad,Consumer,2024-03-09
4583,Customer_4583,Delhi,Home Office,2023-11-07
4584,Customer_4584,Delhi,Corporate,2024-04-15
4585,Customer_4585,Chennai,Corporate,2022-03-21
4586,Customer_4586,Chennai,Consumer,2023-02-10
4587,Customer_4587,Mumbai,Corporate,2023-11-28
4588,Customer_4588,Kolkata,Corporate,2022-04-06
4589,Customer_4589,Delhi,Consumer,2022-09-17
4590,Customer_4590,Mumbai,Home Office,2022-12-11
4591,Customer_4591,Chennai,Consumer,2022-03-17
4592,Customer_4592,Hyderabad,Corporate,2023-09-01
4593,Customer_4593,Pune,Consumer,2023-09-02
4594,Customer_4594,Mumbai,Consumer,2024-07-10
4595,Customer_4595,Hyderabad,Corporate,2023-02-08
4596,Customer_4596,Pune,Corporate,2024-06-16
4597,Customer_4597,Bangalore,Consumer,2024-05-26
4598,Customer_4598,Mumbai,Corporate,2024-01-23
4599,Customer_4599,Mumbai,Corporate,2022-04-08
4600,Customer_4600,Bangalore,Corporate,2022-06-08
4601,Customer_4601,Bangalore,Corporate,2022-07-12
4602,Customer_4602,Mumbai,Corporate,2022-04-14
4603,Customer_4603,Bangalore,Corporate,2024-06-25
4604,Customer_4604,Delhi,Home Office,2023-09-16
4605,Customer_4605,Pune,Consumer,2023-09-21
4606,Customer_4606,Pune,Corporate,2023-08-21
4607,Customer_4607,Pune,Consumer,2023-01-11
4608,Customer_4608,Delhi,Home Office,2024-02-18
4609,Customer_4609,Kolkata,Corporate,2022-02-16
4610,Customer_4610,Bangalore,Consumer,2022-07-16
4611,Customer_4611,Hyderabad,Corporate,2023-08-28
4612,Customer_4612,Bangalore,Corporate,2022-07-09
4613,Customer_4613,Mumbai,Corporate,2023-10-20
4614,Customer_4614,Chennai,Corporate,2022-12-21
4615,Customer_4615,Pune,Corporate,2022-09-26
4616,Customer_4616,Bangalore,Corporate,2023-06-23
4617,Customer_4617,Hyderabad,Corporate,2022-12-16
4618,Customer_4618,Mumbai,Home Office,2023-04-04
4619,Customer_4619,Delhi,Home Office,2023-08-20
4620,Customer_4620,Kolkata,Corporate,2022-03-06
4621,Customer_4621,Delhi,Corporate,2024-07-30
4622,Customer_4622,Hyderabad,Home Office,2022-07-01
4623,Customer_4623,Mumbai,Home Office,2024-08-09
4624,Customer_4624,Pune,Home Office,2023-02-09
4625,Customer_4625,Bangalore,Corporate,2023-04-26
4626,Customer_4626,Mumbai,Consumer,2023-04-29
4627,Customer_4627,Kolkata,Consumer,2023-10-28
4628,Customer_4628,Delhi,Consumer,2022-10-02
4629,Customer_4629,Kolkata,Consumer,2022-04-27
4630,Customer_4630,Kolkata,Corporate,2023-03-17
4631,Customer_4631,Hyderabad,Consumer,2022-12-13
4632,Customer_4632,Hyderabad,Home Office,2023-11-02
4633,Customer_4633,Bangalore,Home Office,2022-01-24
4634,Customer_4634,Hyderabad,Consumer,2022-11-19
4635,Customer_4635,Hyderabad,Home Office,2023-03-27
4636,Customer_4636,Mumbai,Corporate,2024-04-10
4637,Customer_4637,Pune,Consumer,2023-06-07
4638,Customer_4638,Bangalore,Consumer,2023-08-17
4639,Customer_4639,Mumbai,Corporate,2022-10-03
4640,Customer_4640,Pune,Home Office,2022-02-22
4641,Customer_4641,Kolkata,Corporate,2024-01-04
4642,Customer_4642,Mumbai,Corporate,2022-03-26
4643,Customer_4643,Chennai,Home Office,2023-09-23
4644,Customer_4644,Mumbai,Corporate,2022-01-23
4645,Customer_4645,Hyderabad,Home Office,2024-07-28
4646,Customer_4646,Pune,Home Office,2024-08-27
4647,Customer_4647,Bangalore,Corporate,2022-04-09
4648,Customer_4648,Bangalore,Home Office,2022-06-28
4649,Customer_4649,Pune,Corporate,2023-01-29
4650,Customer_4650,Hyderabad,Home Office,2023-10-17
4651,Customer_4651,Delhi,Consumer,2022-08-22
4652,Customer_4652,Mumbai,Home Office,2023-07-29
4653,Customer_4653,Hyderabad,Home Office,2022-10-21
4654,Customer_4654,Chennai,Corporate,2023-04-28
4655,Customer_4655,Kolkata,Home Office,2022-08-20
4656,Customer_4656,Pune,Consumer,2024-06-04
4657,Customer_4657,Mumbai,Consumer,2023-04-18
4658,Customer_4658,Bangalore,Home Office,2024-04-11
4659,Customer_4659,Kolkata,Home Office,2023-11-09
4660,Customer_4660,Delhi,Consumer,2023-03-08
4661,Customer_4661,Chennai,Corporate,2022-08-28
4662,Customer_4662,Bangalore,Consumer,2022-01-02
4663,Customer_4663,Pune,Consumer,2022-01-27
4664,Customer_4664,Mumbai,Home Office,2022-04-22
4665,Customer_4665,Pune,Home Office,2022-09-29
4666,Customer_4666,Kolkata,Consumer,2024-01-02
4667,Customer_4667,Mumbai,Corporate,2022-07-25
4668,Customer_4668,Hyderabad,Consumer,2022-03-11
4669,Customer_4669,Delhi,Consumer,2023-03-10
4670,Customer_4670,Hyderabad,Corporate,2023-09-29
4671,Customer_4671,Hyderabad,Consumer,2024-03-23
4672,Customer_4672,Pune,Consumer,2022-08-01
4673,Customer_4673,Kolkata,Home Office,2024-01-27
4674,Customer_4674,Delhi,Corporate,2022-05-08
4675,Customer_4675,Mumbai,Home Office,2023-04-30
4676,Customer_4676,Mumbai,Home Office,2024-04-02
4677,Customer_4677,Chennai,Corporate,2024-06-06
4678,Customer_4678,Bangalore,Corporate,2024-07-17
4679,Customer_4679,Chennai,Consumer,2022-01-30
4680,Customer_4680,Chennai,Home Office,2023-12-06
4681,Customer_4681,Mumbai,Corporate,2023-03-12
4682,Customer_4682,Pune,Home Office,2022-01-24
4683,Customer_4683,Hyderabad,Home Office,2023-11-25
4684,Customer_4684,Kolkata,Corporate,2024-03-02
4685,Customer_4685,Hyderabad,Consumer,2022-07-23
4686,Customer_4686,Hyderabad,Home Office,2024-05-22
4687,Customer_4687,Delhi,Corporate,2022-02-13
4688,Customer_4688,Mumbai,Consumer,2024-05-17
4689,Customer_4689,Kolkata,Home Office,2022-08-07
4690,Customer_4690,Pune,Corporate,2022-10-23
4691,Customer_4691,Delhi,Home Office,2023-10-08
4692,Customer_4692,Bangalore,Corporate,2022-12-20
4693,Customer_4693,Pune,Corporate,2024-05-25
4694,Customer_4694,Chennai,Home Office,2022-03-13
4695,Customer_4695,Pune,Home Office,2022-12-22
4696,Customer_4696,Pune,Corporate,2024-04-25
4697,Customer_4697,Hyderabad,Consumer,2022-07-02
4698,Customer_4698,Pune,Home Office,2022-05-28
4699,Customer_4699,Chennai,Corporate,2023-02-27
4700,Customer_4700,Chennai,Corporate,2024-08-15
4701,Customer_4701,Mumbai,Consumer,2022-10-16
4702,Customer_4702,Pune,Consumer,2024-05-14
4703,Customer_4703,Hyderabad,Consumer,2023-11-05
4704,Customer_4704,Pune,Home Office,2022-12-26
4705,Customer_4705,Bangalore,Corporate,2023-02-09
4706,Customer_4706,Bangalore,Corporate,2023-05-04
4707,Customer_4707,Hyderabad,Corporate,2023-06-13
4708,Customer_4708,Mumbai,Consumer,2023-04-02
4709,Customer_4709,Mumbai,Corporate,2024-09-17
4710,Customer_4710,Chennai,Home Office,2024-04-30
4711,Customer_4711,Chennai,Consumer,2022-09-03
4712,Customer_4712,Delhi,Consumer,2022-06-22
4713,Customer_4713,Hyderabad,Consumer,2024-07-02
4714,Customer_4714,Pune,Consumer,2023-02-16
4715,Customer_4715,Kolkata,Home Office,2024-04-18
4716,Customer_4716,Hyderabad,Corporate,2023-05-17
4717,Customer_4717,Delhi,Home Office,2023-09-30
4718,Customer_4718,Chennai,Corporate,2022-02-05
4719,Customer_4719,Hyderabad,Home Office,2022-12-21
4720,Customer_4720,Hyderabad,Consumer,2023-06-24
4721,Customer_4721,Chennai,Consumer,2024-08-16
4722,Customer_4722,Delhi,Home Office,2024-07-07
4723,Customer_4723,Chennai,Home Office,2024-01-07
4724,Customer_4724,Mumbai,Corporate,2022-11-28
4725,Customer_4725,Pune,Home Office,2023-02-03
4726,Customer_4726,Chennai,Home Office,2023-10-18
4727,Customer_4727,Delhi,Corporate,2022-10-27
4728,Customer_4728,Bangalore,Corporate,2023-12-04
4729,Customer_4729,Mumbai,Corporate,2022-01-07
4730,Customer_4730,Bangalore,Home Office,2023-11-17
4731,Customer_4731,Kolkata,Corporate,2023-04-14
4732,Customer_4732,Chennai,Consumer,2023-08-09
4733,Customer_4733,Mumbai,Consumer,2023-05-23
4734,Customer_4734,Pune,Consumer,2024-04-27
4735,Customer_4735,Chennai,Home Office,2022-07-25
4736,Customer_4736,Pune,Consumer,2024-08-26
4737,Customer_4737,Hyderabad,Home Office,2023-04-23
4738,Customer_4738,Bangalore,Home Office,2023-12-17
4739,Customer_4739,Mumbai,Consumer,2022-02-10
4740,Customer_4740,Pune,Corporate,2023-01-31
4741,Customer_4741,Delhi,Home Office,2023-04-26
4742,Customer_4742,Pune,Consumer,2022-06-10
4743,Customer_4743,Delhi,Home Office,2023-06-02
4744,Customer_4744,Chennai,Corporate,2022-05-21
4745,Customer_4745,Mumbai,Corporate,2024-02-05
4746,Customer_4746,Pune,Consumer,2023-02-16
4747,Customer_4747,Kolkata,Home Office,2024-06-30
4748,Customer_4748,Pune,Home Office,2023-11-21
4749,Customer_4749,Kolkata,Home Office,2022-05-10
4750,Customer_4750,Mumbai,Home Office,2022-07-16
4751,Customer_4751,Pune,Consumer,2022-04-17
4752,Customer_4752,Delhi,Corporate,2023-04-07
4753,Customer_4753,Pune,Consumer,2024-06-04
4754,Customer_4754,Bangalore,Home Office,2023-08-28
4755,Customer_4755,Chennai,Home Office,2022-03-05
4756,Customer_4756,Hyderabad,Corporate,2022-06-26
4757,Customer_4757,Delhi,Home Office,2022-12-21
4758,Customer_4758,Bangalore,Consumer,2023-10-07
4759,Customer_4759,Kolkata,Consumer,2024-05-03
4760,Customer_4760,Chennai,Corporate,2023-12-07
4761,Customer_4761,Mumbai,Consumer,2022-07-23
4762,Customer_4762,Delhi,Consumer,2023-08-18
4763,Customer_4763,Hyderabad,Consumer,2024-04-27
4764,Customer_4764,Chennai,Consumer,2023-04-12
4765,Customer_4765,Kolkata,Home Office,2024-06-25
4766,Customer_4766,Hyderabad,Consumer,2022-05-22
4767,Customer_4767,Mumbai,Corporate,2022-10-15
4768,Customer_4768,Mumbai,Corporate,2024-01-09
4769,Customer_4769,Kolkata,Consumer,2023-02-18
4770,Customer_4770,Delhi,Corporate,2022-09-27
4771,Customer_4771,Kolkata,Consumer,2023-01-02
4772,Customer_4772,Pune,Corporate,2024-05-06
4773,Customer_4773,Mumbai,Corporate,2024-01-17
4774,Customer_4774,Chennai,Consumer,2024-06-13
4775,Customer_4775,Pune,Consumer,2022-06-02
4776,Customer_4776,Bangalore,Home Office,2024-02-06
4777,Customer_4777,Hyderabad,Consumer,2022-08-28
4778,Customer_4778,Pune,Consumer,2024-04-29
4779,Customer_4779,Hyderabad,Home Office,2023-06-21
4780,Customer_4780,Kolkata,Consumer,2023-05-20
4781,Customer_4781,Pune,Consumer,2022-09-19
4782,Customer_4782,Kolkata,Home Office,2024-07-13
4783,Customer_4783,Bangalore,Consumer,2022-12-07
4784,Customer_4784,Mumbai,Consumer,2023-03-20
4785,Customer_4785,Bangalore,Home Office,2022-11-22
4786,Customer_4786,Mumbai,Home Office,2022-12-17
4787,Customer_4787,Kolkata,Corporate,2023-04-16
4788,Customer_4788,Mumbai,Consumer,2023-09-24
4789,Customer_4789,Hyderabad,Corporate,2022-07-31
4790,Customer_4790,Chennai,Corporate,2022-03-15
4791,Customer_4791,Bangalore,Home Office,2024-02-01
4792,Customer_4792,Pune,Consumer,2023-05-31
4793,Customer_4793,Bangalore,Consumer,2022-12-26
4794,Customer_4794,Hyderabad,Home Office,2023-02-17
4795,Customer_4795,Mumbai,Corporate,2023-05-24
4796,Customer_4796,Hyderabad,Home Office,2024-01-26
4797,Customer_4797,Delhi,Consumer,2024-09-14
4798,Customer_4798,Delhi,Home Office,2022-07-08
4799,Customer_4799,Pune,Consumer,2024-05-29
4800,Customer_4800,Hyderabad,Corporate,2023-08-01
4801,Customer_4801,Kolkata,Consumer,2023-04-02
4802,Customer_4802,Pune,Corporate,2023-04-04
4803,Customer_4803,Kolkata,Corporate,2024-03-16
4804,Customer_4804,Pune,Consumer,2023-05-29
4805,Customer_4805,Delhi,Consumer,2023-12-08
4806,Customer_4806,Pune,Corporate,2023-02-25
4807,Customer_4807,Delhi,Home Office,2022-02-12
4808,Customer_4808,Mumbai,Consumer,2023-12-03
4809,Customer_4809,Kolkata,Corporate,2023-09-17
4810,Customer_4810,Hyderabad,Corporate,2024-06-23
4811,Customer_4811,Pune,Home Office,2023-02-10
4812,Customer_4812,Delhi,Consumer,2023-04-15
4813,Customer_4813,Bangalore,Corporate,2022-06-02
4814,Customer_4814,Kolkata,Home Office,2022-08-08
4815,Customer_4815,Pune,Corporate,2022-09-24
4816,Customer_4816,Chennai,Consumer,2022-05-17
4817,Customer_4817,Mumbai,Home Office,2024-08-03
4818,Customer_4818,Mumbai,Corporate,2022-05-06
4819,Customer_4819,Bangalore,Home Office,2024-06-22
4820,Customer_4820,Delhi,Consumer,2024-05-01
4821,Customer_4821,Pune,Home Office,2022-09-11
4822,Customer_4822,Kolkata,Consumer,2022-06-09
4823,Customer_4823,Delhi,Corporate,2022-09-26
4824,Customer_4824,Mumbai,Consumer,2023-04-02
4825,Customer_4825,Delhi,Corporate,2022-02-06
4826,Customer_4826,Mumbai,Corporate,2023-03-25
4827,Customer_4827,Delhi,Consumer,2022-01-24
4828,Customer_4828,Bangalore,Corporate,2023-08-13
4829,Customer_4829,Hyderabad,Home Office,2022-11-27
4830,Customer_4830,Bangalore,Corporate,2023-08-16
4831,Customer_4831,Bangalore,Consumer,2023-01-29
4832,Customer_4832,Hyderabad,Home Office,2023-09-03
4833,Customer_4833,Hyderabad,Home Office,2022-08-16
4834,Customer_4834,Pune,Corporate,2024-02-23
4835,Customer_4835,Kolkata,Corporate,2024-04-12
4836,Customer_4836,Kolkata,Consumer,2022-10-06
4837,Customer_4837,Pune,Home Office,2023-12-16
4838,Customer_4838,Bangalore,Consumer,2024-03-22
4839,Customer_4839,Bangalore,Corporate,2023-01-05
4840,Customer_4840,Mumbai,Home Office,2022-08-06
4841,Customer_4841,Mumbai,Consumer,2023-01-17
4842,Customer_4842,Kolkata,Consumer,2024-07-06
4843,Customer_4843,Pune,Consumer,2024-05-21
4844,Customer_4844,Chennai,Consumer,2023-12-29
4845,Customer_4845,Chennai,Consumer,2024-05-06
4846,Customer_4846,Pune,Home Office,2022-01-28
4847,Customer_4847,Mumbai,Consumer,2024-02-24
4848,Customer_4848,Kolkata,Home Office,2023-01-09
4849,Customer_4849,Kolkata,Consumer,2023-08-22
4850,Customer_4850,Mumbai,Corporate,2022-06-26
4851,Customer_4851,Chennai,Corporate,2022-09-08
4852,Customer_4852,Delhi,Consumer,2022-01-19
4853,Customer_4853,Delhi,Corporate,2024-05-19
4854,Customer_4854,Mumbai,Home Office,2023-07-13
4855,Customer_4855,Delhi,Consumer,2022-08-14
4856,Customer_4856,Hyderabad,Home Office,2023-05-24
4857,Customer_4857,Pune,Consumer,2023-10-27
4858,Customer_4858,Pune,Corporate,2024-05-17
4859,Customer_4859,Mumbai,Home Office,2022-03-19
4860,Customer_4860,Bangalore,Corporate,2024-07-11
4861,Customer_4861,Chennai,Corporate,2023-05-06
4862,Customer_4862,Mumbai,Consumer,2024-06-23
4863,Customer_4863,Delhi,Home Office,2024-02-20
4864,Customer_4864,Chennai,Corporate,2023-11-15
4865,Customer_4865,Bangalore,Consumer,2022-09-27
4866,Customer_4866,Delhi,Consumer,2024-05-31
4867,Customer_4867,Kolkata,Consumer,2023-05-02
4868,Customer_4868,Hyderabad,Corporate,2022-02-27
4869,Customer_4869,Delhi,Consumer,2024-03-03
4870,Customer_4870,Hyderabad,Home Office,2022-09-15
4871,Customer_4871,Chennai,Home Office,2024-02-12
4872,Customer_4872,Hyderabad,Corporate,2024-05-08
4873,Customer_4873,Chennai,Home Office,2022-06-02
4874,Customer_4874,Chennai,Consumer,2024-04-22
4875,Customer_4875,Chennai,Corporate,2024-02-03
4876,Customer_4876,Chennai,Consumer,2022-08-31
4877,Customer_4877,Chennai,Corporate,2022-03-21
4878,Customer_4878,Delhi,Corporate,2024-05-16
4879,Customer_4879,Chennai,Consumer,2022-09-29
4880,Customer_4880,Delhi,Home Office,2024-08-27
4881,Customer_4881,Chennai,Home Office,2022-12-21
4882,Customer_4882,Hyderabad,Corporate,2023-04-30
4883,Customer_4883,Kolkata,Consumer,2024-08-19
4884,Customer_4884,Chennai,Consumer,2022-09-25
4885,Customer_4885,Bangalore,Corporate,2022-09-10
4886,Customer_4886,Chennai,Home Office,2022-10-27
4887,Customer_4887,Chennai,Consumer,2024-05-25
4888,Customer_4888,Hyderabad,Home Office,2024-06-25
4889,Customer_4889,Pune,Home Office,2024-01-22
4890,Customer_4890,Hyderabad,Corporate,2023-06-03
4891,Customer_4891,Bangalore,Corporate,2022-02-10
4892,Customer_4892,Pune,Home Office,2023-10-17
4893,Customer_4893,Mumbai,Consumer,2022-10-19
4894,Customer_4894,Mumbai,Consumer,2023-03-07
4895,Customer_4895,Bangalore,Corporate,2024-02-05
4896,Customer_4896,Hyderabad,Home Office,2022-07-05
4897,Customer_4897,Delhi,Consumer,2023-03-23
4898,Customer_4898,Bangalore,Consumer,2023-07-27
4899,Customer_4899,Kolkata,Corporate,2022-07-18
4900,Customer_4900,Pune,Home Office,2022-05-24
4901,Customer_4901,Pune,Consumer,2023-06-22
4902,Customer_4902,Chennai,Corporate,2022-12-27
4903,Customer_4903,Mumbai,Consumer,2022-03-22
4904,Customer_4904,Pune,Consumer,2023-02-09
4905,Customer_4905,Bangalore,Consumer,2022-03-28
4906,Customer_4906,Pune,Corporate,2024-01-13
4907,Customer_4907,Bangalore,Home Office,2023-08-19
4908,Customer_4908,Delhi,Corporate,2024-09-02
4909,Customer_4909,Chennai,Home Office,2022-05-15
4910,Customer_4910,Mumbai,Consumer,2022-09-10
4911,Customer_4911,Pune,Home Office,2022-11-11
4912,Customer_4912,Bangalore,Consumer,2024-03-11
4913,Customer_4913,Hyderabad,Consumer,2024-07-19
4914,Customer_4914,Mumbai,Corporate,2023-09-09
4915,Customer_4915,Delhi,Consumer,2022-06-14
4916,Customer_4916,Bangalore,Corporate,2022-02-18
4917,Customer_4917,Kolkata,Home Office,2024-01-14
4918,Customer_4918,Kolkata,Home Office,2022-05-08
4919,Customer_4919,Chennai,Consumer,2024-08-08
4920,Customer_4920,Chennai,Corporate,2022-09-21
4921,Customer_4921,Delhi,Consumer,2023-04-12
4922,Customer_4922,Delhi,Corporate,2022-04-30
4923,Customer_4923,Chennai,Corporate,2023-01-19
4924,Customer_4924,Pune,Corporate,2024-05-16
4925,Customer_4925,Pune,Home Office,2024-02-27
4926,Customer_4926,Bangalore,Corporate,2022-01-21
4927,Customer_4927,Hyderabad,Home Office,2024-08-26
4928,Customer_4928,Bangalore,Corporate,2022-09-23
4929,Customer_4929,Hyderabad,Home Office,2022-08-12
4930,Customer_4930,Delhi,Home Office,2024-04-18
4931,Customer_4931,Mumbai,Home Office,2024-02-19
4932,Customer_4932,Bangalore,Consumer,2024-02-11
4933,Customer_4933,Bangalore,Corporate,2023-07-22
4934,Customer_4934,Hyderabad,Consumer,2023-03-22
4935,Customer_4935,Delhi,Corporate,2023-09-24
4936,Customer_4936,Delhi,Corporate,2023-10-11
4937,Customer_4937,Kolkata,Consumer,2022-10-13
4938,Customer_4938,Hyderabad,Home Office,2024-01-11
4939,Customer_4939,Delhi,Corporate,2022-06-20
4940,Customer_4940,Chennai,Home Office,2023-05-22
4941,Customer_4941,Pune,Consumer,2022-11-14
4942,Customer_4942,Kolkata,Home Office,2022-09-17
4943,Customer_4943,Chennai,Corporate,2024-01-04
4944,Customer_4944,Mumbai,Corporate,2022-04-16
4945,Customer_4945,Bangalore,Corporate,2022-11-09
4946,Customer_4946,Kolkata,Consumer,2024-07-09
4947,Customer_4947,Mumbai,Corporate,2023-07-24
4948,Customer_4948,Bangalore,Consumer,2023-08-28
4949,Customer_4949,Pune,Home Office,2024-05-14
4950,Customer_4950,Delhi,Corporate,2023-12-08
4951,Customer_4951,Chennai,Corporate,2024-01-05
4952,Customer_4952,Hyderabad,Corporate,2022-02-25
4953,Customer_4953,Chennai,Home Office,2022-08-26
4954,Customer_4954,Pune,Corporate,2023-08-30
4955,Customer_4955,Mumbai,Consumer,2022-12-10
4956,Customer_4956,Hyderabad,Home Office,2023-08-14
4957,Customer_4957,Delhi,Home Office,2024-08-25
4958,Customer_4958,Pune,Home Office,2022-07-21
4959,Customer_4959,Hyderabad,Home Office,2022-05-25
4960,Customer_4960,Pune,Home Office,2024-03-26
4961,Customer_4961,Pune,Consumer,2022-06-23
4962,Customer_4962,Delhi,Home Office,2023-08-18
4963,Customer_4963,Kolkata,Corporate,2024-08-08
4964,Customer_4964,Bangalore,Home Office,2022-08-26
4965,Customer_4965,Hyderabad,Home Office,2023-08-04
4966,Customer_4966,Delhi,Home Office,2024-02-01
4967,Customer_4967,Pune,Home Office,2024-06-23
4968,Customer_4968,Delhi,Home Office,2022-07-17
4969,Customer_4969,Kolkata,Consumer,2022-02-02
4970,Customer_4970,Bangalore,Consumer,2024-08-23
4971,Customer_4971,Chennai,Home Office,2023-07-18
4972,Customer_4972,Hyderabad,Consumer,2022-06-20
4973,Customer_4973,Bangalore,Corporate,2023-05-17
4974,Customer_4974,Mumbai,Home Office,2023-10-27
4975,Customer_4975,Hyderabad,Corporate,2024-05-06
4976,Customer_4976,Bangalore,Corporate,2023-08-27
4977,Customer_4977,Pune,Home Office,2023-06-05
4978,Customer_4978,Hyderabad,Corporate,2022-12-21
4979,Customer_4979,Hyderabad,Corporate,2022-10-25
4980,Customer_4980,Delhi,Corporate,2022-11-14
4981,Customer_4981,Pune,Home Office,2024-06-15
4982,Customer_4982,Mumbai,Home Office,2024-06-06
4983,Customer_4983,Chennai,Corporate,2023-02-24
4984,Customer_4984,Kolkata,Home Office,2024-03-27
4985,Customer_4985,Bangalore,Home Office,2024-07-28
4986,Customer_4986,Delhi,Corporate,2023-07-26
4987,Customer_4987,Bangalore,Home Office,2022-06-29
4988,Customer_4988,Mumbai,Consumer,2023-01-20
4989,Customer_4989,Mumbai,Home Office,2022-08-12
4990,Customer_4990,Hyderabad,Consumer,2024-04-23
4991,Customer_4991,Kolkata,Corporate,2024-07-01
4992,Customer_4992,Mumbai,Home Office,2023-11-11
4993,Customer_4993,Bangalore,Corporate,2024-05-28
4994,Customer_4994,Pune,Corporate,2022-06-08
4995,Customer_4995,Pune,Corporate,2022-06-30
4996,Customer_4996,Hyderabad,Corporate,2024-07-22
4997,Customer_4997,Chennai,Corporate,2022-09-01
4998,Customer_4998,Bangalore,Home Office,2024-08-25
4999,Customer_4999,Bangalore,Consumer,2022-01-02
5000,Customer_5000,Mumbai,Home Office,2023-03-23
